/tmp/tmpXXHMDPNL.asm:
     1                          MODULE bench_large_func_c
     2                          LINE 0, "/work/programs/bench_large_func.c"
/work/programs/bench_large_func.c:
                                
     1                          ;--------------------------------------------------------
     2                          ; File Created by SDCC : free open source ISO C Compiler
     3                          ; Version 4.5.0 #15242 (Linux)
     4                          ;--------------------------------------------------------
     5                          ; Processed by Z88DK
     6                          ;--------------------------------------------------------
     7                          
     8                          	EXTERN __divschar
     9                          	EXTERN __divschar_callee
    10                          	EXTERN __divsint
    11                          	EXTERN __divsint_callee
    12                          	EXTERN __divslong
    13                          	EXTERN __divslong_callee
    14                          	EXTERN __divslonglong
    15                          	EXTERN __divslonglong_callee
    16                          	EXTERN __divsuchar
    17                          	EXTERN __divsuchar_callee
    18                          	EXTERN __divuchar
    19                          	EXTERN __divuchar_callee
    20                          	EXTERN __divuint
    21                          	EXTERN __divuint_callee
    22                          	EXTERN __divulong
    23                          	EXTERN __divulong_callee
    24                          	EXTERN __divulonglong
    25                          	EXTERN __divulonglong_callee
    26                          	EXTERN __divuschar
    27                          	EXTERN __divuschar_callee
    28                          	EXTERN __modschar
    29                          	EXTERN __modschar_callee
    30                          	EXTERN __modsint
    31                          	EXTERN __modsint_callee
    32                          	EXTERN __modslong
    33                          	EXTERN __modslong_callee
    34                          	EXTERN __modslonglong
    35                          	EXTERN __modslonglong_callee
    36                          	EXTERN __modsuchar
    37                          	EXTERN __modsuchar_callee
    38                          	EXTERN __moduchar
    39                          	EXTERN __moduchar_callee
    40                          	EXTERN __moduint
    41                          	EXTERN __moduint_callee
    42                          	EXTERN __modulong
    43                          	EXTERN __modulong_callee
    44                          	EXTERN __modulonglong
    45                          	EXTERN __modulonglong_callee
    46                          	EXTERN __moduschar
    47                          	EXTERN __moduschar_callee
    48                          	EXTERN __mulint
    49                          	EXTERN __mulint_callee
    50                          	EXTERN __mullong
    51                          	EXTERN __mullong_callee
    52                          	EXTERN __mullonglong
    53                          	EXTERN __mullonglong_callee
    54                          	EXTERN __mulschar
    55                          	EXTERN __mulschar_callee
    56                          	EXTERN __mulsuchar
    57                          	EXTERN __mulsuchar_callee
    58                          	EXTERN __muluchar
    59                          	EXTERN __muluchar_callee
    60                          	EXTERN __muluschar
    61                          	EXTERN __muluschar_callee
    62                          	EXTERN __rlslonglong
    63                          	EXTERN __rlslonglong_callee
    64                          	EXTERN __rlulonglong
    65                          	EXTERN __rlulonglong_callee
    66                          	EXTERN __rrslonglong
    67                          	EXTERN __rrslonglong_callee
    68                          	EXTERN __rrulonglong
    69                          	EXTERN __rrulonglong_callee
    70                          	EXTERN ___mulsint2slong
    71                          	EXTERN ___mulsint2slong_callee
    72                          	EXTERN ___muluint2ulong
    73                          	EXTERN ___muluint2ulong_callee
    74                          	EXTERN ___sdcc_call_hl
    75                          	EXTERN ___sdcc_call_iy
    76                          	EXTERN ___sdcc_enter_ix
    77                          	EXTERN banked_call
    78                          	EXTERN _banked_ret
    79                          	EXTERN ___fs2schar
    80                          	EXTERN ___fs2schar_callee
    81                          	EXTERN ___fs2sint
    82                          	EXTERN ___fs2sint_callee
    83                          	EXTERN ___fs2slong
    84                          	EXTERN ___fs2slong_callee
    85                          	EXTERN ___fs2slonglong
    86                          	EXTERN ___fs2slonglong_callee
    87                          	EXTERN ___fs2uchar
    88                          	EXTERN ___fs2uchar_callee
    89                          	EXTERN ___fs2uint
    90                          	EXTERN ___fs2uint_callee
    91                          	EXTERN ___fs2ulong
    92                          	EXTERN ___fs2ulong_callee
    93                          	EXTERN ___fs2ulonglong
    94                          	EXTERN ___fs2ulonglong_callee
    95                          	EXTERN ___fsadd
    96                          	EXTERN ___fsadd_callee
    97                          	EXTERN ___fsdiv
    98                          	EXTERN ___fsdiv_callee
    99                          	EXTERN ___fseq
   100                          	EXTERN ___fseq_callee
   101                          	EXTERN ___fsgt
   102                          	EXTERN ___fsgt_callee
   103                          	EXTERN ___fslt
   104                          	EXTERN ___fslt_callee
   105                          	EXTERN ___fsmul
   106                          	EXTERN ___fsmul_callee
   107                          	EXTERN ___fsneq
   108                          	EXTERN ___fsneq_callee
   109                          	EXTERN ___fssub
   110                          	EXTERN ___fssub_callee
   111                          	EXTERN ___schar2fs
   112                          	EXTERN ___schar2fs_callee
   113                          	EXTERN ___sint2fs
   114                          	EXTERN ___sint2fs_callee
   115                          	EXTERN ___slong2fs
   116                          	EXTERN ___slong2fs_callee
   117                          	EXTERN ___slonglong2fs
   118                          	EXTERN ___slonglong2fs_callee
   119                          	EXTERN ___uchar2fs
   120                          	EXTERN ___uchar2fs_callee
   121                          	EXTERN ___uint2fs
   122                          	EXTERN ___uint2fs_callee
   123                          	EXTERN ___ulong2fs
   124                          	EXTERN ___ulong2fs_callee
   125                          	EXTERN ___ulonglong2fs
   126                          	EXTERN ___ulonglong2fs_callee
   127                          	EXTERN ____sdcc_2_copy_src_mhl_dst_deix
   128                          	EXTERN ____sdcc_2_copy_src_mhl_dst_bcix
   129                          	EXTERN ____sdcc_4_copy_src_mhl_dst_deix
   130                          	EXTERN ____sdcc_4_copy_src_mhl_dst_bcix
   131                          	EXTERN ____sdcc_4_copy_src_mhl_dst_mbc
   132                          	EXTERN ____sdcc_4_ldi_nosave_bc
   133                          	EXTERN ____sdcc_4_ldi_save_bc
   134                          	EXTERN ____sdcc_4_push_hlix
   135                          	EXTERN ____sdcc_4_push_mhl
   136                          	EXTERN ____sdcc_lib_setmem_hl
   137                          	EXTERN ____sdcc_ll_add_de_bc_hl
   138                          	EXTERN ____sdcc_ll_add_de_bc_hlix
   139                          	EXTERN ____sdcc_ll_add_de_hlix_bc
   140                          	EXTERN ____sdcc_ll_add_de_hlix_bcix
   141                          	EXTERN ____sdcc_ll_add_deix_bc_hl
   142                          	EXTERN ____sdcc_ll_add_deix_hlix
   143                          	EXTERN ____sdcc_ll_add_hlix_bc_deix
   144                          	EXTERN ____sdcc_ll_add_hlix_deix_bc
   145                          	EXTERN ____sdcc_ll_add_hlix_deix_bcix
   146                          	EXTERN ____sdcc_ll_asr_hlix_a
   147                          	EXTERN ____sdcc_ll_asr_mbc_a
   148                          	EXTERN ____sdcc_ll_copy_src_de_dst_hlix
   149                          	EXTERN ____sdcc_ll_copy_src_de_dst_hlsp
   150                          	EXTERN ____sdcc_ll_copy_src_deix_dst_hl
   151                          	EXTERN ____sdcc_ll_copy_src_deix_dst_hlix
   152                          	EXTERN ____sdcc_ll_copy_src_deixm_dst_hlsp
   153                          	EXTERN ____sdcc_ll_copy_src_desp_dst_hlsp
   154                          	EXTERN ____sdcc_ll_copy_src_hl_dst_de
   155                          	EXTERN ____sdcc_ll_copy_src_hlsp_dst_de
   156                          	EXTERN ____sdcc_ll_copy_src_hlsp_dst_deixm
   157                          	EXTERN ____sdcc_ll_lsl_hlix_a
   158                          	EXTERN ____sdcc_ll_lsl_mbc_a
   159                          	EXTERN ____sdcc_ll_lsr_hlix_a
   160                          	EXTERN ____sdcc_ll_lsr_mbc_a
   161                          	EXTERN ____sdcc_ll_push_hlix
   162                          	EXTERN ____sdcc_ll_push_mhl
   163                          	EXTERN ____sdcc_ll_sub_de_bc_hl
   164                          	EXTERN ____sdcc_ll_sub_de_bc_hlix
   165                          	EXTERN ____sdcc_ll_sub_de_hlix_bc
   166                          	EXTERN ____sdcc_ll_sub_de_hlix_bcix
   167                          	EXTERN ____sdcc_ll_sub_deix_bc_hl
   168                          	EXTERN ____sdcc_ll_sub_deix_hlix
   169                          	EXTERN ____sdcc_ll_sub_hlix_bc_deix
   170                          	EXTERN ____sdcc_ll_sub_hlix_deix_bc
   171                          	EXTERN ____sdcc_ll_sub_hlix_deix_bcix
   172                          	EXTERN ____sdcc_load_debc_deix
   173                          	EXTERN ____sdcc_load_dehl_deix
   174                          	EXTERN ____sdcc_load_debc_mhl
   175                          	EXTERN ____sdcc_load_hlde_mhl
   176                          	EXTERN ____sdcc_store_dehl_bcix
   177                          	EXTERN ____sdcc_store_debc_hlix
   178                          	EXTERN ____sdcc_store_debc_mhl
   179                          	EXTERN ____sdcc_cpu_pop_ei
   180                          	EXTERN ____sdcc_cpu_pop_ei_jp
   181                          	EXTERN ____sdcc_cpu_push_di
   182                          	EXTERN ____sdcc_outi
   183                          	EXTERN ____sdcc_outi_128
   184                          	EXTERN ____sdcc_outi_256
   185                          	EXTERN ____sdcc_ldi
   186                          	EXTERN ____sdcc_ldi_128
   187                          	EXTERN ____sdcc_ldi_256
   188                          	EXTERN ____sdcc_4_copy_srcd_hlix_dst_deix
   189                          	EXTERN ____sdcc_4_and_src_mbc_mhl_dst_deix
   190                          	EXTERN ____sdcc_4_or_src_mbc_mhl_dst_deix
   191                          	EXTERN ____sdcc_4_xor_src_mbc_mhl_dst_deix
   192                          	EXTERN ____sdcc_4_or_src_dehl_dst_bcix
   193                          	EXTERN ____sdcc_4_xor_src_dehl_dst_bcix
   194                          	EXTERN ____sdcc_4_and_src_dehl_dst_bcix
   195                          	EXTERN ____sdcc_4_xor_src_mbc_mhl_dst_debc
   196                          	EXTERN ____sdcc_4_or_src_mbc_mhl_dst_debc
   197                          	EXTERN ____sdcc_4_and_src_mbc_mhl_dst_debc
   198                          	EXTERN ____sdcc_4_cpl_src_mhl_dst_debc
   199                          	EXTERN ____sdcc_4_xor_src_debc_mhl_dst_debc
   200                          	EXTERN ____sdcc_4_or_src_debc_mhl_dst_debc
   201                          	EXTERN ____sdcc_4_and_src_debc_mhl_dst_debc
   202                          	EXTERN ____sdcc_4_and_src_debc_hlix_dst_debc
   203                          	EXTERN ____sdcc_4_or_src_debc_hlix_dst_debc
   204                          	EXTERN ____sdcc_4_xor_src_debc_hlix_dst_debc
   205                          
   206                          ;--------------------------------------------------------
   207                          ; Public variables in this module
   208                          ;--------------------------------------------------------
   209                          	GLOBAL _main
   210                          	GLOBAL _classify
   211                          	GLOBAL _unrolled_hash
   212                          	GLOBAL _process_records
   213                          	GLOBAL _state_machine
   214                          	GLOBAL _sink
   215                          ;--------------------------------------------------------
   216                          ; Externals used
   217                          ;--------------------------------------------------------
   218                          ;--------------------------------------------------------
   219                          ; special function registers
   220                          ;--------------------------------------------------------
   221                          ;--------------------------------------------------------
   222                          ; ram data
   223                          ;--------------------------------------------------------
   224                          	SECTION bss_compiler
   225                          _sink:
   226  0000  00                	DEFS 1
   227                          ;--------------------------------------------------------
   228                          ; ram data
   229                          ;--------------------------------------------------------
   230                          
   231                          IF 0
   232                          
   233                          ; .area _INITIALIZED removed by z88dk
   234                          
   235                          
   236                          ENDIF
   237                          
   238                          ;--------------------------------------------------------
   239                          ; absolute external ram data
   240                          ;--------------------------------------------------------
   241                          	SECTION IGNORE
   242                          ;--------------------------------------------------------
   243                          ; global & static initialisations
   244                          ;--------------------------------------------------------
   245                          	SECTION code_crt_init
   246                          ;--------------------------------------------------------
   247                          ; Home
   248                          ;--------------------------------------------------------
   249                          	SECTION code_home
   250                          ;--------------------------------------------------------
   251                          ; code
   252                          ;--------------------------------------------------------
   253                          	SECTION code_compiler
   254                          ;	genLabel
   255                          ;	genFunction
   256                          ;	---------------------------------
   257                          ; Function state_machine
   258                          ; ---------------------------------
   259                          ;	Register assignment might be sub-optimal.
   260                          ; Stack space usage: 11 bytes.
   261                          _state_machine:
   262  0000  dde5              	push	ix
   263  0002  dd210000          	ld	ix,0
   264  0006  dd39              	add	ix,sp
   265                          ;	adjustStack by -11
   266  0008  4d                	ld	c, l
   267  0009  44                	ld	b, h
   268  000a  21f5ff            	ld	hl, -11
   269  000d  39                	add	hl, sp
   270  000e  f9                	ld	sp, hl
   271                          ;	genReceive
   272                          ;	AOP_STK for _state_machine_prog_10000_1
   273                          ;	genMove_o size 2 result type 5 source type 2 hl_dead 1
   274  000f  dd71fe            	ld	(ix-2),c
   275                          ; peephole 1 removed dead load from c into l.
   276                          ; peephole z88dk-606ak
   277                          ; peephole 14 loaded b into -1 (ix) directly instead of going through h.
   278  0012  dd70ff            	ld	(ix-1),b
   279                          ;	genMove_o size 0 result type 5 source type 1 hl_dead 1
   280                          ;	genAssign
   281                          ;	genMove_o size 2 result type 2 source type 1 hl_dead 1
   282                          ;	genAssign
   283                          ;	genMove_o size 1 result type 2 source type 1 hl_dead 1
   284                          ;	genAssign
   285                          ;	genMove_o size 1 result type 2 source type 1 hl_dead 1
   286  0015  110000            	ld	de,0x0000
   287  0018  4b                	ld	c,e
   288  0019  42                	ld	b,d
   289                          ; peephole z88dk-315a
   290                          ; peephole 69 combined constant loads into register pair.
   291                          ;	genLabel
   292                          l_state_machine_00122:
   293                          ;	genCmpLt
   294                          ;	AOP_STK for
   295  001a  78                	ld	a, b
   296  001b  dd9604            	sub	a,(ix+4)
   297  001e  d2ff00            	jp	NC, l_state_machine_00120
   298                          ;	skipping generated iCode
   299                          ;	genPlus
   300                          ;	AOP_STK for _state_machine_prog_10000_1
   301  0021  dd7efe            	ld	a,(ix-2)
   302  0024  80                	add	a, b
   303  0025  6f                	ld	l, a
   304  0026  dd7eff            	ld	a,(ix-1)
   305  0029  ce00              	adc	a,0x00
   306  002b  67                	ld	h, a
   307                          ;	genPointerGet
   308                          ;	genCast
   309                          ;	genMove_o size 1 result type 2 source type 2 hl_dead 0
   310  002c  7e                	ld	a,(hl)
   311  002d  67                	ld	h,a
   312                          ; peephole z88dk-412
   313                          ;	genMove_o size 0 result type 2 source type 1 hl_dead 0
   314                          ;	genMove_o size 1 result type 2 source type 1 hl_dead 0
   315                          ; peephole 1 removed dead load from #0x00 into l.
   316                          ;	genAnd
   317                          ;	AOP_STK for _state_machine_sloc0_1_0
   318  002e  e60f              	and	a,0x0f
   319                          ;	genMove_o size 1 result type 5 source type 2 hl_dead 0
   320  0030  dd77f5            	ld	(ix-11),a
   321                          ;	genMove_o size 0 result type 5 source type 1 hl_dead 0
   322                          ;	genMove_o size 1 result type 5 source type 1 hl_dead 0
   323  0033  dd36f600          	ld	(ix-10),0x00
   324                          ;	genCast
   325                          ;	genMove_o size 1 result type 2 source type 2 hl_dead 0
   326  0037  69                	ld	l, c
   327                          ;	genMove_o size 0 result type 2 source type 1 hl_dead 0
   328                          ;	genCast
   329                          ;	AOP_STK for _state_machine_sloc1_1_0
   330                          ;	genMove_o size 2 result type 5 source type 2 hl_dead 0
   331  0038  dd73f7            	ld	(ix-9),e
   332  003b  dd72f8            	ld	(ix-8),d
   333                          ;	genMove_o size 0 result type 5 source type 1 hl_dead 0
   334                          ;	genCast
   335                          ;	AOP_STK for _state_machine_sloc2_1_0
   336                          ;	genMove_o size 1 result type 5 source type 2 hl_dead 0
   337  003e  dd71f9            	ld	(ix-7),c
   338                          ;	genMove_o size 0 result type 5 source type 1 hl_dead 0
   339                          ;	genMove_o size 1 result type 5 source type 1 hl_dead 0
   340  0041  dd36fa00          	ld	(ix-6),0x00
   341                          ;	genRightShift
   342                          ;	AOP_STK for _state_machine_sloc3_1_0
   343  0045  7c                	ld	a, h
   344  0046  07                	rlca
   345  0047  07                	rlca
   346  0048  07                	rlca
   347  0049  07                	rlca
   348  004a  e60f              	and	a,0x0f
   349  004c  dd77fb            	ld	(ix-5),a
   350                          ;	genCast
   351                          ;	AOP_STK for _state_machine_sloc4_1_0
   352                          ;	genMove_o size 1 result type 5 source type 2 hl_dead 1
   353  004f  dd75fc            	ld	(ix-4),l
   354                          ;	genMove_o size 0 result type 5 source type 1 hl_dead 1
   355                          ;	genMove_o size 1 result type 5 source type 1 hl_dead 1
   356  0052  dd36fd00          	ld	(ix-3),0x00
   357                          ;	genJumpTab
   358                          ;	AOP_STK for _state_machine_sloc0_1_0
   359                          ;	genMove_o size 2 result type 2 source type 5 hl_dead 1
   360  0056  eb                	ex	de,hl
   361                          ; peephole z88dk-601a
   362                          ; peephole z88dk-389f
   363  0057  d1                	pop	de
   364  0058  d5                	push	de
   365  0059  e5                	push	hl
   366                          ;	genMove_o size 0 result type 2 source type 1 hl_dead 1
   367  005a  216500            	ld	hl,l_state_machine_00152
   368  005d  19                	add	hl, de
   369  005e  19                	add	hl, de
   370  005f  5e                	ld	e, (hl)
   371  0060  23                	inc	hl
   372  0061  66                	ld	h, (hl)
   373  0062  6b                	ld	l, e
   374  0063  d1                	pop	de
   375  0064  e9                	jp	(hl)
   376                          l_state_machine_00152:
   377  0065  8500              	DEFW	l_state_machine_00101
   378  0067  9400              	DEFW	l_state_machine_00102
   379  0069  a400              	DEFW	l_state_machine_00103
   380  006b  ab00              	DEFW	l_state_machine_00104
   381  006d  b200              	DEFW	l_state_machine_00105
   382  006f  be00              	DEFW	l_state_machine_00106
   383  0071  c100              	DEFW	l_state_machine_00107
   384  0073  c600              	DEFW	l_state_machine_00108
   385  0075  cc00              	DEFW	l_state_machine_00109
   386  0077  d300              	DEFW	l_state_machine_00110
   387  0079  da00              	DEFW	l_state_machine_00111
   388  007b  e400              	DEFW	l_state_machine_00112
   389  007d  e900              	DEFW	l_state_machine_00113
   390  007f  f200              	DEFW	l_state_machine_00116
   391  0081  f700              	DEFW	l_state_machine_00117
   392  0083  fa00              	DEFW	l_state_machine_00118
   393                          ;	genLabel
   394                          l_state_machine_00101:
   395                          ;	genPlus
   396                          ;	AOP_STK for _state_machine_sloc4_1_0
   397                          ;	AOP_STK for _state_machine_sloc1_1_0
   398  0085  dd7efc            	ld	a,(ix-4)
   399  0088  dd86f7            	add	a,(ix-9)
   400  008b  5f                	ld	e, a
   401  008c  3e00              	ld	a,0x00
   402  008e  dd8ef8            	adc	a,(ix-8)
   403                          ;	genCast
   404                          ;	genMove_o size 2 result type 2 source type 2 hl_dead 1
   405  0091  57                	ld	d, a
   406                          ;	genMove_o size 0 result type 2 source type 1 hl_dead 1
   407                          ;	genGoto
   408  0092  1867              	jr	l_state_machine_00123
   409                          ; peephole 153 changed absolute to relative unconditional jump.
   410                          ;	genLabel
   411                          l_state_machine_00102:
   412                          ;	genMinus
   413                          ;	AOP_STK for _state_machine_sloc1_1_0
   414                          ;	AOP_STK for _state_machine_sloc4_1_0
   415  0094  dd7ef7            	ld	a,(ix-9)
   416  0097  dd96fc            	sub	a,(ix-4)
   417  009a  5f                	ld	e, a
   418  009b  dd7ef8            	ld	a,(ix-8)
   419  009e  dd9efd            	sbc	a,(ix-3)
   420  00a1  57                	ld	d, a
   421                          ;	genCast
   422                          ;	(locations are the same)
   423                          ;	genGoto
   424  00a2  1857              	jr	l_state_machine_00123
   425                          ; peephole 153 changed absolute to relative unconditional jump.
   426                          ;	genLabel
   427                          l_state_machine_00103:
   428                          ;	genXor
   429                          ;	AOP_STK for _state_machine_sloc2_1_0
   430  00a4  7b                	ld	a, e
   431  00a5  ddaef9            	xor	a,(ix-7)
   432                          ;	genMove_o size 1 result type 2 source type 2 hl_dead 1
   433  00a8  5f                	ld	e, a
   434                          ;	genMove_o size 0 result type 2 source type 1 hl_dead 1
   435                          ;	genMove_o size 1 result type 2 source type 2 hl_dead 1
   436                          ;	genGoto
   437  00a9  1850              	jr	l_state_machine_00123
   438                          ; peephole 153 changed absolute to relative unconditional jump.
   439                          ;	genLabel
   440                          l_state_machine_00104:
   441                          ;	genOr
   442                          ;	AOP_STK for _state_machine_sloc2_1_0
   443  00ab  7b                	ld	a, e
   444  00ac  ddb6f9            	or	a,(ix-7)
   445                          ;	genMove_o size 1 result type 2 source type 2 hl_dead 1
   446  00af  5f                	ld	e, a
   447                          ;	genMove_o size 0 result type 2 source type 1 hl_dead 1
   448                          ;	genMove_o size 1 result type 2 source type 2 hl_dead 1
   449                          ;	genGoto
   450  00b0  1849              	jr	l_state_machine_00123
   451                          ; peephole 153 changed absolute to relative unconditional jump.
   452                          ;	genLabel
   453                          l_state_machine_00105:
   454                          ;	genCast
   455                          ;	genMove_o size 1 result type 2 source type 2 hl_dead 1
   456  00b2  59                	ld	e, c
   457                          ;	genMove_o size 0 result type 2 source type 1 hl_dead 1
   458                          ;	genMove_o size 1 result type 2 source type 1 hl_dead 1
   459  00b3  af                	xor	a, a
   460                          ;	genOr
   461                          ;	genMove_o size 1 result type 2 source type 2 hl_dead 1
   462                          ;	genMove_o size 1 result type 2 source type 1 hl_dead 1
   463                          ; peephole 1 removed dead load from #0xff into l.
   464                          ;	genAnd
   465                          ;	AOP_STK for _state_machine_sloc1_1_0
   466  00b4  dd7ef7            	ld	a,(ix-9)
   467  00b7  a3                	and	a, e
   468                          ;	genMove_o size 1 result type 2 source type 2 hl_dead 0
   469  00b8  5f                	ld	e, a
   470                          ;	genMove_o size 0 result type 2 source type 1 hl_dead 0
   471                          ;	genMove_o size 1 result type 2 source type 5 hl_dead 0
   472  00b9  dd56f8            	ld	d,(ix-8)
   473                          ;	genMove_o size 0 result type 2 source type 1 hl_dead 0
   474                          ;	genCast
   475                          ;	(locations are the same)
   476                          ;	genGoto
   477  00bc  183d              	jr	l_state_machine_00123
   478                          ; peephole 153 changed absolute to relative unconditional jump.
   479                          ;	genLabel
   480                          l_state_machine_00106:
   481                          ;	genCast
   482                          ;	genMove_o size 1 result type 2 source type 2 hl_dead 1
   483  00be  4b                	ld	c, e
   484                          ;	genMove_o size 0 result type 2 source type 1 hl_dead 1
   485                          ;	genGoto
   486  00bf  183a              	jr	l_state_machine_00123
   487                          ; peephole 153 changed absolute to relative unconditional jump.
   488                          ;	genLabel
   489                          l_state_machine_00107:
   490                          ;	genLeftShift
   491                          ;	genMove_o size 2 result type 2 source type 2 hl_dead 1
   492  00c1  eb                	ex	de, hl
   493  00c2  29                	add	hl, hl
   494  00c3  eb                	ex	de, hl
   495                          ;	genGoto
   496  00c4  1835              	jr	l_state_machine_00123
   497                          ; peephole 153 changed absolute to relative unconditional jump.
   498                          ;	genLabel
   499                          l_state_machine_00108:
   500                          ;	genRightShift
   501                          ;fetchPairLong
   502  00c6  cb3a              	srl	d
   503  00c8  cb1b              	rr	e
   504                          ;	genGoto
   505  00ca  182f              	jr	l_state_machine_00123
   506                          ; peephole 153 changed absolute to relative unconditional jump.
   507                          ;	genLabel
   508                          l_state_machine_00109:
   509                          ;	genPlus
   510                          ;	AOP_STK for _state_machine_sloc3_1_0
   511  00cc  dd7efb            	ld	a,(ix-5)
   512  00cf  81                	add	a, c
   513  00d0  4f                	ld	c, a
   514                          ;	genGoto
   515  00d1  1828              	jr	l_state_machine_00123
   516                          ; peephole 153 changed absolute to relative unconditional jump.
   517                          ;	genLabel
   518                          l_state_machine_00110:
   519                          ;	genMinus
   520                          ;	AOP_STK for _state_machine_sloc3_1_0
   521  00d3  79                	ld	a, c
   522  00d4  dd96fb            	sub	a,(ix-5)
   523  00d7  4f                	ld	c, a
   524                          ;	genGoto
   525  00d8  1821              	jr	l_state_machine_00123
   526                          ; peephole 153 changed absolute to relative unconditional jump.
   527                          ;	genLabel
   528                          l_state_machine_00111:
   529                          ;	genCast
   530                          ;	AOP_STK for _state_machine_sloc3_1_0
   531                          ;	genMove_o size 1 result type 2 source type 5 hl_dead 1
   532  00da  dd66fb            	ld	h,(ix-5)
   533                          ;	genMove_o size 0 result type 2 source type 1 hl_dead 1
   534                          ;	genMove_o size 1 result type 2 source type 1 hl_dead 0
   535  00dd  af                	xor	a, a
   536                          ;	genLeftShift
   537  00de  2e00              	ld	l,0x00
   538                          ;	genPlus
   539  00e0  19                	add	hl, de
   540                          ;	genMove_o size 2 result type 2 source type 2 hl_dead 1
   541  00e1  eb                	ex	de, hl
   542                          ;	genMove_o size 0 result type 2 source type 1 hl_dead 1
   543                          ;	genGoto
   544  00e2  1817              	jr	l_state_machine_00123
   545                          ; peephole 153 changed absolute to relative unconditional jump.
   546                          ;	genLabel
   547                          l_state_machine_00112:
   548                          ;	genRot
   549                          ;	genMove_o size 2 result type 2 source type 2 hl_dead 1
   550  00e4  7b                	ld	a, e
   551  00e5  5a                	ld	e, d
   552  00e6  57                	ld	d, a
   553                          ;	genMove_o size 0 result type 2 source type 1 hl_dead 1
   554                          ;	genGoto
   555  00e7  1812              	jr	l_state_machine_00123
   556                          ; peephole 153 changed absolute to relative unconditional jump.
   557                          ;	genLabel
   558                          l_state_machine_00113:
   559                          ;	genIfx
   560  00e9  79                	ld	a, c
   561  00ea  b7                	or	a, a
   562  00eb  200e              	jr	NZ,l_state_machine_00123
   563                          ; peephole 155 changed absolute to relative conditional jump.
   564                          ;	genAssign
   565                          ;	genMove_o size 2 result type 2 source type 1 hl_dead 1
   566  00ed  110000            	ld	de,0x0000
   567                          ;	genGoto
   568  00f0  1809              	jr	l_state_machine_00123
   569                          ; peephole 153 changed absolute to relative unconditional jump.
   570                          ;	genLabel
   571                          l_state_machine_00116:
   572                          ;	genCpl
   573  00f2  79                	ld	a, c
   574  00f3  2f                	cpl
   575                          ;	genMove_o size 1 result type 2 source type 2 hl_dead 1
   576  00f4  4f                	ld	c, a
   577                          ;	genMove_o size 0 result type 2 source type 1 hl_dead 1
   578                          ;	genGoto
   579  00f5  1804              	jr	l_state_machine_00123
   580                          ; peephole 153 changed absolute to relative unconditional jump.
   581                          ;	genLabel
   582                          l_state_machine_00117:
   583                          ;	genPlus
   584  00f7  13                	inc	de
   585                          ;	genGoto
   586  00f8  1801              	jr	l_state_machine_00123
   587                          ; peephole 153 changed absolute to relative unconditional jump.
   588                          ;	genLabel
   589                          l_state_machine_00118:
   590                          ;	genMinus
   591  00fa  1b                	dec	de
   592                          ;	genLabel
   593                          l_state_machine_00123:
   594                          ;	genPlus
   595  00fb  04                	inc	b
   596                          ;	genGoto
   597  00fc  c31a00            	jp	l_state_machine_00122
   598                          ;	genLabel
   599                          l_state_machine_00120:
   600                          ;	genRet
   601                          ;	genMove_o size 2 result type 2 source type 2 hl_dead 1
   602                          ;	genLabel
   603                          ; peephole 149 removed unused label l_state_machine_00124$.
   604                          ;	genEndFunction
   605  00ff  ddf9              	ld	sp, ix
   606  0101  dde1              	pop	ix
   607  0103  e1                	pop	hl
   608                          ;	adjustStack by 1
   609  0104  33                	inc	sp
   610  0105  e9                	jp	(hl)
   611                          ;	Total state_machine function size at codegen: 0 bytes.
   612                          ;	genLabel
   613                          ;	genFunction
   614                          ;	---------------------------------
   615                          ; Function process_records
   616                          ; ---------------------------------
   617                          ;	Register assignment might be sub-optimal.
   618                          ; Stack space usage: 21 bytes.
   619                          _process_records:
   620  0106  dde5              	push	ix
   621  0108  dd210000          	ld	ix,0
   622  010c  dd39              	add	ix,sp
   623                          ;	adjustStack by -21
   624  010e  4d                	ld	c, l
   625  010f  44                	ld	b, h
   626  0110  21ebff            	ld	hl, -21
   627  0113  39                	add	hl, sp
   628  0114  f9                	ld	sp, hl
   629                          ;	genReceive
   630                          ;	AOP_STK for _process_records_recs_10000_6
   631                          ;	genMove_o size 2 result type 5 source type 2 hl_dead 1
   632  0115  dd71fb            	ld	(ix-5),c
   633                          ; peephole 1 removed dead load from c into l.
   634                          ; peephole z88dk-606ak
   635                          ; peephole 14 loaded b into -4 (ix) directly instead of going through h.
   636  0118  dd70fc            	ld	(ix-4),b
   637                          ;	genMove_o size 0 result type 5 source type 1 hl_dead 1
   638                          ;	genAssign
   639                          ;	AOP_STK for _process_records_sloc0_1_0
   640                          ;	genMove_o size 2 result type 5 source type 1 hl_dead 1
   641  011b  af                	xor	a, a
   642  011c  dd77fd            	ld	(ix-3),a
   643  011f  dd77fe            	ld	(ix-2),a
   644                          ;	genAssign
   645                          ;	AOP_STK for _process_records_sloc1_1_0
   646                          ;	genMove_o size 1 result type 5 source type 1 hl_dead 1
   647  0122  dd36ff00          	ld	(ix-1),0x00
   648                          ;	genLabel
   649                          l_process_records_00134:
   650                          ;	genCmpLt
   651                          ;	AOP_STK for _process_records_sloc1_1_0
   652                          ;	AOP_STK for
   653  0126  dd7eff            	ld	a,(ix-1)
   654  0129  dd9604            	sub	a,(ix+4)
   655  012c  d22603            	jp	NC, l_process_records_00132
   656                          ;	skipping generated iCode
   657                          ;	genCast
   658                          ;	AOP_STK for _process_records_sloc1_1_0
   659                          ;	genMove_o size 1 result type 2 source type 5 hl_dead 1
   660  012f  dd6eff            	ld	l,(ix-1)
   661                          ;	genMove_o size 0 result type 2 source type 1 hl_dead 0
   662                          ;	genMove_o size 1 result type 2 source type 1 hl_dead 0
   663  0132  2600              	ld	h,0x00
   664                          ;	genLeftShift
   665  0134  29                	add	hl, hl
   666  0135  29                	add	hl, hl
   667                          ;	genMove_o size 2 result type 2 source type 2 hl_dead 1
   668                          ;	genMove_o size 0 result type 2 source type 1 hl_dead 1
   669                          ;	genPlus
   670                          ;	AOP_STK for _process_records_recs_10000_6
   671  0136  dd4efb            	ld	c,(ix-5)
   672  0139  dd46fc            	ld	b,(ix-4)
   673  013c  09                	add	hl,bc
   674                          ; peephole z88dk-393i
   675                          ;	genPointerGet
   676                          ;	AOP_STK for _process_records_sloc2_1_0
   677  013d  7e                	ld	a,(hl)
   678                          ; peephole z88dk-459e10
   679                          ; peephole z88dk-459e9
   680                          ; peephole z88dk-606g
   681                          ;	genMove_o size 1 result type 5 source type 2 hl_dead 1
   682  013e  dd77eb            	ld	(ix-21),a
   683                          ; peephole z88dk-459e16
   684                          ; peephole z88dk-459e15
   685                          ;	genMove_o size 0 result type 5 source type 1 hl_dead 1
   686                          ;	genAssign
   687                          ;	genMove_o size 2 result type 2 source type 2 hl_dead 1
   688                          ; peephole z88dk-606l
   689  0141  5d                	ld	e,l
   690                          ; peephole z88dk-485d2
   691  0142  54                	ld	d,h
   692  0143  4d                	ld	c,l
   693  0144  44                	ld	b,h
   694                          ; peephole z88dk-485d2
   695                          ; peephole z88dk-606v
   696                          ;	genMove_o size 0 result type 2 source type 1 hl_dead 1
   697                          ;	genPointerGet
   698                          ;	AOP_STK for _process_records_sloc3_1_0
   699                          ;fetchPairLong
   700  0145  13                	inc	de
   701                          ;	_moveFrom_tpair_()
   702  0146  1a                	ld	a, (de)
   703  0147  dd77ec            	ld	(ix-20),a
   704                          ;	genAssign
   705                          ;	genMove_o size 2 result type 2 source type 2 hl_dead 1
   706  014a  59                	ld	e, c
   707  014b  50                	ld	d, b
   708                          ;	genMove_o size 0 result type 2 source type 1 hl_dead 1
   709                          ;	genPointerGet
   710                          ;	AOP_STK for _process_records_sloc4_1_0
   711                          ;fetchPairLong
   712  014c  13                	inc	de
   713  014d  13                	inc	de
   714                          ;	_moveFrom_tpair_()
   715  014e  1a                	ld	a, (de)
   716  014f  dd77ed            	ld	(ix-19),a
   717                          ;	genAssign
   718                          ;	(locations are the same)
   719                          ;	genPointerGet
   720                          ;	AOP_STK for _process_records_sloc5_1_0
   721  0152  210300            	ld	hl,3
   722  0155  09                	add	hl, bc
   723                          ;	_moveFrom_tpair_()
   724  0156  7e                	ld	a, (hl)
   725  0157  dd77ee            	ld	(ix-18),a
   726                          ;	genAnd
   727                          ;	AOP_STK for _process_records_sloc3_1_0
   728                          ;	AOP_STK for _process_records_sloc6_1_0
   729  015a  dd7eec            	ld	a,(ix-20)
   730  015d  e601              	and	a,0x01
   731                          ;	genMove_o size 1 result type 5 source type 2 hl_dead 1
   732  015f  dd77ef            	ld	(ix-17),a
   733                          ;	genMove_o size 0 result type 5 source type 1 hl_dead 1
   734                          ;	genMove_o size 1 result type 5 source type 1 hl_dead 1
   735  0162  dd36f000          	ld	(ix-16),0x00
   736                          ;	genCast
   737                          ;	AOP_STK for _process_records_sloc0_1_0
   738                          ;	AOP_STK for _process_records_sloc7_1_0
   739                          ;	genMove_o size 2 result type 5 source type 5 hl_dead 1
   740  0166  dd7efd            	ld	a,(ix-3)
   741  0169  dd77f1            	ld	(ix-15),a
   742  016c  dd7efe            	ld	a,(ix-2)
   743  016f  dd77f2            	ld	(ix-14),a
   744                          ;	genMove_o size 0 result type 5 source type 1 hl_dead 1
   745                          ;	genAnd
   746                          ;	AOP_STK for _process_records_sloc3_1_0
   747                          ;	AOP_STK for _process_records_sloc8_1_0
   748  0172  dd7eec            	ld	a,(ix-20)
   749  0175  e602              	and	a,0x02
   750                          ;	genMove_o size 1 result type 5 source type 2 hl_dead 1
   751  0177  dd77f3            	ld	(ix-13),a
   752                          ;	genMove_o size 0 result type 5 source type 1 hl_dead 1
   753                          ;	genMove_o size 1 result type 5 source type 1 hl_dead 1
   754  017a  dd36f400          	ld	(ix-12),0x00
   755                          ;	genAnd
   756                          ;	AOP_STK for _process_records_sloc3_1_0
   757                          ;	AOP_STK for _process_records_sloc9_1_0
   758  017e  dd7eec            	ld	a,(ix-20)
   759  0181  e604              	and	a,0x04
   760                          ;	genMove_o size 1 result type 5 source type 2 hl_dead 1
   761  0183  dd77f5            	ld	(ix-11),a
   762                          ;	genMove_o size 0 result type 5 source type 1 hl_dead 1
   763                          ;	genMove_o size 1 result type 5 source type 1 hl_dead 1
   764  0186  dd36f600          	ld	(ix-10),0x00
   765                          ;	genCast
   766                          ;	AOP_STK for _process_records_sloc4_1_0
   767                          ;	AOP_STK for _process_records_sloc10_1_0
   768                          ;	genMove_o size 1 result type 5 source type 5 hl_dead 1
   769  018a  dd7eed            	ld	a,(ix-19)
   770  018d  dd77f7            	ld	(ix-9),a
   771                          ;	genMove_o size 0 result type 5 source type 1 hl_dead 1
   772                          ;	genMove_o size 1 result type 5 source type 1 hl_dead 1
   773  0190  dd36f800          	ld	(ix-8),0x00
   774                          ;	genAnd
   775                          ;	AOP_STK for _process_records_sloc3_1_0
   776                          ;	AOP_STK for _process_records_sloc11_1_0
   777  0194  dd7eec            	ld	a,(ix-20)
   778  0197  e608              	and	a,0x08
   779                          ;	genMove_o size 1 result type 5 source type 2 hl_dead 1
   780  0199  dd77f9            	ld	(ix-7),a
   781                          ;	genMove_o size 0 result type 5 source type 1 hl_dead 1
   782                          ;	genMove_o size 1 result type 5 source type 1 hl_dead 1
   783  019c  dd36fa00          	ld	(ix-6),0x00
   784                          ;	genIfx
   785                          ;	AOP_STK for _process_records_sloc2_1_0
   786  01a0  dd7eeb            	ld	a,(ix-21)
   787                          ;	genIfx
   788                          ;	AOP_STK for _process_records_sloc6_1_0
   789  01a3  b7                	or	a,a
   790  01a4  2059              	jr	NZ,l_process_records_00130
   791                          ; peephole 155 changed absolute to relative conditional jump.
   792                          ; peephole 0 removed redundant load from a into a.
   793                          ; peephole 98 replaced constant #0x00 by a (which has just been tested to be #0x00).
   794  01a6  ddb6ef            	or	a,(ix-17)
   795  01a9  2812              	jr	Z,l_process_records_00102
   796                          ; peephole 154 changed absolute to relative conditional jump.
   797                          ;	genCast
   798                          ;	AOP_STK for _process_records_sloc4_1_0
   799                          ;	genMove_o size 1 result type 2 source type 5 hl_dead 1
   800  01ab  dd4eed            	ld	c,(ix-19)
   801                          ;	genMove_o size 0 result type 2 source type 1 hl_dead 1
   802                          ;	genCast
   803                          ;	genMove_o size 1 result type 2 source type 2 hl_dead 1
   804                          ;	genMove_o size 1 result type 2 source type 1 hl_dead 1
   805  01ae  0600              	ld	b,0x00
   806                          ;	genPlus
   807                          ;	AOP_STK for _process_records_sloc7_1_0
   808                          ;	genMove_o size 2 result type 2 source type 5 hl_dead 1
   809  01b0  dd6ef1            	ld	l,(ix-15)
   810  01b3  dd66f2            	ld	h,(ix-14)
   811                          ;	genMove_o size 0 result type 2 source type 1 hl_dead 1
   812  01b6  09                	add	hl, bc
   813                          ;	genCast
   814                          ;	AOP_STK for _process_records_sloc0_1_0
   815                          ;	genMove_o size 2 result type 5 source type 2 hl_dead 1
   816  01b7  dd75fd            	ld	(ix-3),l
   817  01ba  dd74fe            	ld	(ix-2),h
   818                          ;	genMove_o size 0 result type 5 source type 1 hl_dead 1
   819                          ;	genLabel
   820                          l_process_records_00102:
   821                          ;	genCast
   822                          ;	AOP_STK for _process_records_sloc5_1_0
   823                          ;	genMove_o size 1 result type 2 source type 5 hl_dead 1
   824  01bd  dd4eee            	ld	c,(ix-18)
   825                          ;	genMove_o size 0 result type 2 source type 1 hl_dead 1
   826                          ;	genCast
   827                          ;	genMove_o size 1 result type 2 source type 2 hl_dead 1
   828                          ;	genMove_o size 1 result type 2 source type 1 hl_dead 1
   829                          ;	genIfx
   830                          ;	AOP_STK for _process_records_sloc8_1_0
   831  01c0  3e00              	ld	a,0x00
   832  01c2  47                	ld	b,a
   833                          ; peephole 78 load value in a first and use it next
   834  01c3  ddb6f3            	or	a,(ix-13)
   835  01c6  280d              	jr	Z,l_process_records_00104
   836                          ; peephole 154 changed absolute to relative conditional jump.
   837                          ;	genCast
   838                          ;	AOP_STK for _process_records_sloc0_1_0
   839                          ;	genMove_o size 2 result type 2 source type 5 hl_dead 1
   840  01c8  dd6efd            	ld	l,(ix-3)
   841  01cb  dd66fe            	ld	h,(ix-2)
   842                          ;	genMove_o size 0 result type 2 source type 1 hl_dead 1
   843                          ;	genPlus
   844  01ce  09                	add	hl, bc
   845                          ;	genCast
   846                          ;	AOP_STK for _process_records_sloc0_1_0
   847                          ;	genMove_o size 2 result type 5 source type 2 hl_dead 1
   848  01cf  dd75fd            	ld	(ix-3),l
   849  01d2  dd74fe            	ld	(ix-2),h
   850                          ;	genMove_o size 0 result type 5 source type 1 hl_dead 1
   851                          ;	genLabel
   852                          l_process_records_00104:
   853                          ;	genIfx
   854                          ;	AOP_STK for _process_records_sloc9_1_0
   855  01d5  3e00              	ld	a,0x00
   856  01d7  ddb6f5            	or	a,(ix-11)
   857  01da  2809              	jr	Z,l_process_records_00106
   858                          ; peephole 154 changed absolute to relative conditional jump.
   859                          ;	genLeftShift
   860                          ;	AOP_STK for _process_records_sloc10_1_0
   861                          ; peephole 1 removed dead load from #0x00 into a.
   862                          ;	genPlus
   863                          ;	AOP_STK for _process_records_sloc0_1_0
   864                          ; peephole 8 removed dead load from -3 (ix) into a.
   865                          ; peephole z88dk-75a
   866                          ; peephole 11 loaded -9 (ix) into a directly instead of going through e.
   867  01dc  dd7ef7            	ld	a,(ix-9)
   868  01df  dd86fe            	add	a,(ix-2)
   869  01e2  dd77fe            	ld	(ix-2),a
   870                          ;	genLabel
   871                          l_process_records_00106:
   872                          ;	genIfx
   873                          ;	AOP_STK for _process_records_sloc11_1_0
   874  01e5  3e00              	ld	a,0x00
   875  01e7  ddb6f9            	or	a,(ix-7)
   876  01ea  ca0a03            	jp	Z, l_process_records_00131
   877                          ;	genCast
   878                          ;	AOP_STK for _process_records_sloc0_1_0
   879                          ;	genMove_o size 2 result type 2 source type 5 hl_dead 1
   880  01ed  dd6efd            	ld	l,(ix-3)
   881  01f0  dd66fe            	ld	h,(ix-2)
   882                          ;	genMove_o size 0 result type 2 source type 1 hl_dead 1
   883                          ;	genMinus
   884  01f3  af                	xor	a,a
   885  01f4  ed42              	sbc	hl,bc
   886                          ; peephole z88dk-420a
   887                          ;	genMove_o size 2 result type 2 source type 2 hl_dead 1
   888                          ;	genCast
   889                          ;	AOP_STK for _process_records_sloc0_1_0
   890                          ;	genMove_o size 2 result type 5 source type 2 hl_dead 1
   891  01f6  dd75fd            	ld	(ix-3),l
   892  01f9  dd74fe            	ld	(ix-2),h
   893                          ;	genMove_o size 0 result type 5 source type 1 hl_dead 1
   894                          ;	genGoto
   895  01fc  c30a03            	jp	l_process_records_00131
   896                          ;	genLabel
   897                          l_process_records_00130:
   898                          ;	genCast
   899                          ;	AOP_STK for _process_records_sloc5_1_0
   900                          ;	genMove_o size 1 result type 2 source type 5 hl_dead 1
   901  01ff  dd5eee            	ld	e,(ix-18)
   902                          ;	genMove_o size 0 result type 2 source type 1 hl_dead 1
   903                          ;	genMove_o size 1 result type 2 source type 1 hl_dead 1
   904  0202  1600              	ld	d,0x00
   905                          ;	genCmpEq
   906                          ;	AOP_STK for _process_records_sloc2_1_0
   907  0204  dd7eeb            	ld	a,(ix-21)
   908                          ; peephole 62 removed jp by using inverse jump logic
   909                          ; peephole 149 removed unused label l_process_records_00244$.
   910                          ; peephole 63 removed jp by using inverse jump logic
   911                          ; peephole 149 removed unused label l_process_records_00245$.
   912                          ;	skipping generated iCode
   913                          ;	genIfx
   914                          ;	AOP_STK for _process_records_sloc6_1_0
   915  0207  3d                	dec	a
   916  0208  204a              	jr	NZ,l_process_records_00127
   917                          ; peephole 155 changed absolute to relative conditional jump.
   918                          ; peephole 0 removed redundant load from a into a.
   919                          ; peephole 102 replaced constant #0x00 by a (which has just been tested to be #0x00).
   920  020a  ddb6ef            	or	a,(ix-17)
   921  020d  2809              	jr	Z,l_process_records_00110
   922                          ; peephole 154 changed absolute to relative conditional jump.
   923                          ;	genXor
   924                          ;	AOP_STK for _process_records_sloc0_1_0
   925                          ;	AOP_STK for _process_records_sloc10_1_0
   926  020f  dd7efd            	ld	a,(ix-3)
   927  0212  ddaef7            	xor	a,(ix-9)
   928                          ;	genMove_o size 1 result type 5 source type 2 hl_dead 1
   929  0215  dd77fd            	ld	(ix-3),a
   930                          ;	genMove_o size 0 result type 5 source type 1 hl_dead 1
   931                          ;	genMove_o size 1 result type 5 source type 5 hl_dead 1
   932                          ;	genLabel
   933                          l_process_records_00110:
   934                          ;	genIfx
   935                          ;	AOP_STK for _process_records_sloc8_1_0
   936  0218  3e00              	ld	a,0x00
   937  021a  ddb6f3            	or	a,(ix-13)
   938  021d  2807              	jr	Z,l_process_records_00112
   939                          ; peephole 154 changed absolute to relative conditional jump.
   940                          ;	genXor
   941                          ;	AOP_STK for _process_records_sloc0_1_0
   942  021f  dd7efd            	ld	a,(ix-3)
   943  0222  ab                	xor	a, e
   944                          ;	genMove_o size 1 result type 5 source type 2 hl_dead 1
   945  0223  dd77fd            	ld	(ix-3),a
   946                          ;	genMove_o size 0 result type 5 source type 1 hl_dead 1
   947                          ;	genMove_o size 1 result type 5 source type 5 hl_dead 1
   948                          ;	genLabel
   949                          l_process_records_00112:
   950                          ;	genIfx
   951                          ;	AOP_STK for _process_records_sloc9_1_0
   952  0226  3e00              	ld	a,0x00
   953  0228  ddb6f5            	or	a,(ix-11)
   954  022b  2809              	jr	Z,l_process_records_00114
   955                          ; peephole 154 changed absolute to relative conditional jump.
   956                          ;	genOr
   957                          ;	AOP_STK for _process_records_sloc0_1_0
   958                          ;	AOP_STK for _process_records_sloc10_1_0
   959  022d  dd7efd            	ld	a,(ix-3)
   960  0230  ddb6f7            	or	a,(ix-9)
   961                          ;	genMove_o size 1 result type 5 source type 2 hl_dead 1
   962  0233  dd77fd            	ld	(ix-3),a
   963                          ;	genMove_o size 0 result type 5 source type 1 hl_dead 1
   964                          ;	genMove_o size 1 result type 5 source type 5 hl_dead 1
   965                          ;	genLabel
   966                          l_process_records_00114:
   967                          ;	genIfx
   968                          ;	AOP_STK for _process_records_sloc11_1_0
   969  0236  3e00              	ld	a,0x00
   970  0238  ddb6f9            	or	a,(ix-7)
   971  023b  ca0a03            	jp	Z, l_process_records_00131
   972                          ;	genCast
   973                          ;	AOP_STK for _process_records_sloc5_1_0
   974                          ;	genMove_o size 1 result type 2 source type 5 hl_dead 1
   975  023e  dd4eee            	ld	c,(ix-18)
   976                          ;	genMove_o size 0 result type 2 source type 1 hl_dead 1
   977                          ;	genMove_o size 1 result type 2 source type 1 hl_dead 1
   978  0241  af                	xor	a, a
   979                          ;	genOr
   980                          ;	genMove_o size 1 result type 2 source type 2 hl_dead 1
   981                          ;	genMove_o size 1 result type 2 source type 1 hl_dead 1
   982  0242  06ff              	ld	b,0xff
   983                          ;	genCast
   984                          ;	AOP_STK for _process_records_sloc0_1_0
   985                          ;	genMove_o size 2 result type 2 source type 5 hl_dead 1
   986  0244  dd5efe            	ld	e,(ix-2)
   987  0247  dd7efd            	ld	a,(ix-3)
   988                          ; peephole z88dk-75c
   989                          ;	genMove_o size 0 result type 2 source type 1 hl_dead 1
   990                          ;	genAnd
   991  024a  a1                	and	a, c
   992                          ;	genMove_o size 1 result type 2 source type 2 hl_dead 1
   993                          ;	genMove_o size 1 result type 2 source type 2 hl_dead 1
   994                          ;	genCast
   995                          ;	AOP_STK for _process_records_sloc0_1_0
   996                          ;	genMove_o size 2 result type 5 source type 2 hl_dead 1
   997  024b  dd77fd            	ld	(ix-3),a
   998  024e  dd73fe            	ld	(ix-2),e
   999                          ;	genMove_o size 0 result type 5 source type 1 hl_dead 1
  1000                          ;	genGoto
  1001  0251  c30a03            	jp	l_process_records_00131
  1002                          ;	genLabel
  1003                          l_process_records_00127:
  1004                          ;	genCmpEq
  1005                          ;	AOP_STK for _process_records_sloc2_1_0
  1006  0254  dd7eeb            	ld	a,(ix-21)
  1007  0257  d602              	sub	a,0x02
  1008                          ; peephole 62 removed jp by using inverse jump logic
  1009                          ; peephole 149 removed unused label l_process_records_00246$.
  1010  0259  2019              	jr	NZ,l_process_records_00124
  1011                          ; peephole 155 changed absolute to relative conditional jump.
  1012                          ; peephole 63 removed jp by using inverse jump logic
  1013                          ; peephole 149 removed unused label l_process_records_00247$.
  1014                          ;	skipping generated iCode
  1015                          ;	genSend
  1016                          ;	genMove_o size 2 result type 2 source type 2 hl_dead 1
  1017                          ;	genSend
  1018                          ;	AOP_STK for _process_records_sloc10_1_0
  1019                          ;	genMove_o size 2 result type 2 source type 5 hl_dead 1
  1020  025b  dd6ef7            	ld	l,(ix-9)
  1021  025e  2600              	ld	h,0x00
  1022                          ;	genMove_o size 0 result type 2 source type 1 hl_dead 1
  1023                          ;	genCall
  1024  0260  cd0000            	call	__mulint
  1025                          ;	genMove_o size 2 result type 2 source type 2 hl_dead 1
  1026                          ;	genPlus
  1027                          ;	AOP_STK for _process_records_sloc0_1_0
  1028  0263  7b                	ld	a, e
  1029  0264  dd86fd            	add	a,(ix-3)
  1030  0267  dd77fd            	ld	(ix-3),a
  1031  026a  7a                	ld	a, d
  1032  026b  dd8efe            	adc	a,(ix-2)
  1033  026e  dd77fe            	ld	(ix-2),a
  1034                          ;	genGoto
  1035  0271  c30a03            	jp	l_process_records_00131
  1036                          ;	genLabel
  1037                          l_process_records_00124:
  1038                          ;	genCmpEq
  1039                          ;	AOP_STK for _process_records_sloc2_1_0
  1040  0274  dd7eeb            	ld	a,(ix-21)
  1041  0277  d603              	sub	a,0x03
  1042                          ; peephole 62 removed jp by using inverse jump logic
  1043                          ; peephole 149 removed unused label l_process_records_00248$.
  1044  0279  c2f802            	jp	NZ,l_process_records_00121
  1045                          ; peephole 63 removed jp by using inverse jump logic
  1046                          ; peephole 149 removed unused label l_process_records_00249$.
  1047                          ;	skipping generated iCode
  1048                          ;	genCast
  1049                          ;	AOP_STK for _process_records_sloc4_1_0
  1050                          ;	AOP_STK for _process_records_sloc12_1_0
  1051                          ;	genMove_o size 1 result type 5 source type 5 hl_dead 1
  1052  027c  dd7eed            	ld	a,(ix-19)
  1053  027f  dd77f7            	ld	(ix-9),a
  1054                          ;	genMove_o size 0 result type 5 source type 1 hl_dead 1
  1055                          ;	genMove_o size 1 result type 5 source type 1 hl_dead 1
  1056  0282  dd36f800          	ld	(ix-8),0x00
  1057                          ;	genCast
  1058                          ;	AOP_STK for _process_records_sloc5_1_0
  1059                          ;	AOP_STK for _process_records_sloc13_1_0
  1060                          ;	genMove_o size 1 result type 5 source type 5 hl_dead 1
  1061  0286  dd7eee            	ld	a,(ix-18)
  1062  0289  dd77f9            	ld	(ix-7),a
  1063                          ;	genMove_o size 0 result type 5 source type 1 hl_dead 1
  1064                          ;	genMove_o size 1 result type 5 source type 1 hl_dead 1
  1065  028c  dd36fa00          	ld	(ix-6),0x00
  1066                          ;	genCmpGt
  1067                          ;	AOP_STK for _process_records_sloc4_1_0
  1068                          ;	AOP_STK for _process_records_sloc5_1_0
  1069  0290  dd7eee            	ld	a,(ix-18)
  1070  0293  dd96ed            	sub	a,(ix-19)
  1071  0296  3030              	jr	NC,l_process_records_00118
  1072                          ; peephole 157 changed absolute to relative conditional jump.
  1073                          ;	skipping generated iCode
  1074                          ;	genMinus
  1075                          ;	AOP_STK for _process_records_sloc12_1_0
  1076                          ;	AOP_STK for _process_records_sloc13_1_0
  1077                          ;	AOP_STK for _process_records_sloc14_1_0
  1078  0298  dd7ef7            	ld	a,(ix-9)
  1079  029b  dd96f9            	sub	a,(ix-7)
  1080  029e  dd77fd            	ld	(ix-3),a
  1081  02a1  9f                	sbc	a, a
  1082  02a2  dd96fa            	sub	a,(ix-6)
  1083  02a5  dd77fe            	ld	(ix-2),a
  1084                          ;	genCast
  1085                          ;	AOP_STK for _process_records_sloc14_1_0
  1086                          ;	AOP_STK for _process_records_sloc15_1_0
  1087                          ;	genMove_o size 2 result type 5 source type 5 hl_dead 1
  1088  02a8  dd7efd            	ld	a,(ix-3)
  1089  02ab  dd77f9            	ld	(ix-7),a
  1090  02ae  dd7efe            	ld	a,(ix-2)
  1091  02b1  dd77fa            	ld	(ix-6),a
  1092                          ;	genMove_o size 0 result type 5 source type 1 hl_dead 1
  1093                          ;	genPlus
  1094                          ;	AOP_STK for _process_records_sloc15_1_0
  1095                          ;	AOP_STK for _process_records_sloc7_1_0
  1096                          ;	AOP_STK for _process_records_sloc16_1_0
  1097  02b4  dd7ef9            	ld	a,(ix-7)
  1098  02b7  dd86f1            	add	a,(ix-15)
  1099  02ba  dd77fd            	ld	(ix-3),a
  1100  02bd  dd7efa            	ld	a,(ix-6)
  1101  02c0  dd8ef2            	adc	a,(ix-14)
  1102  02c3  dd77fe            	ld	(ix-2),a
  1103                          ;	genCast
  1104                          ;	AOP_STK for _process_records_sloc16_1_0
  1105                          ;	AOP_STK for _process_records_sloc0_1_0
  1106                          ;	(locations are the same)
  1107                          ;	genGoto
  1108  02c6  1842              	jr	l_process_records_00131
  1109                          ; peephole 153 changed absolute to relative unconditional jump.
  1110                          ;	genLabel
  1111                          l_process_records_00118:
  1112                          ;	genMinus
  1113                          ;	AOP_STK for _process_records_sloc13_1_0
  1114                          ;	AOP_STK for _process_records_sloc12_1_0
  1115                          ;	AOP_STK for _process_records_sloc17_1_0
  1116  02c8  dd7ef9            	ld	a,(ix-7)
  1117  02cb  dd96f7            	sub	a,(ix-9)
  1118  02ce  dd77fd            	ld	(ix-3),a
  1119  02d1  9f                	sbc	a, a
  1120  02d2  dd96f8            	sub	a,(ix-8)
  1121  02d5  dd77fe            	ld	(ix-2),a
  1122                          ;	genCast
  1123                          ;	AOP_STK for _process_records_sloc17_1_0
  1124                          ;	AOP_STK for _process_records_sloc18_1_0
  1125                          ;	genMove_o size 2 result type 5 source type 5 hl_dead 1
  1126  02d8  dd7efd            	ld	a,(ix-3)
  1127  02db  dd77f9            	ld	(ix-7),a
  1128  02de  dd7efe            	ld	a,(ix-2)
  1129  02e1  dd77fa            	ld	(ix-6),a
  1130                          ;	genMove_o size 0 result type 5 source type 1 hl_dead 1
  1131                          ;	genPlus
  1132                          ;	AOP_STK for _process_records_sloc18_1_0
  1133                          ;	AOP_STK for _process_records_sloc7_1_0
  1134                          ;	AOP_STK for _process_records_sloc19_1_0
  1135  02e4  dd7ef9            	ld	a,(ix-7)
  1136  02e7  dd86f1            	add	a,(ix-15)
  1137  02ea  dd77fd            	ld	(ix-3),a
  1138  02ed  dd7efa            	ld	a,(ix-6)
  1139  02f0  dd8ef2            	adc	a,(ix-14)
  1140  02f3  dd77fe            	ld	(ix-2),a
  1141                          ;	genCast
  1142                          ;	AOP_STK for _process_records_sloc19_1_0
  1143                          ;	AOP_STK for _process_records_sloc0_1_0
  1144                          ;	(locations are the same)
  1145                          ;	genGoto
  1146  02f6  1812              	jr	l_process_records_00131
  1147                          ; peephole 153 changed absolute to relative unconditional jump.
  1148                          ;	genLabel
  1149                          l_process_records_00121:
  1150                          ;	genCast
  1151                          ;	AOP_STK for _process_records_sloc2_1_0
  1152                          ;	genMove_o size 1 result type 2 source type 5 hl_dead 1
  1153  02f8  dd4eeb            	ld	c,(ix-21)
  1154                          ;	genMove_o size 0 result type 2 source type 1 hl_dead 1
  1155                          ;	genCast
  1156                          ;	genMove_o size 1 result type 2 source type 2 hl_dead 1
  1157                          ;	genMove_o size 1 result type 2 source type 1 hl_dead 1
  1158  02fb  0600              	ld	b,0x00
  1159                          ;	genPlus
  1160                          ;	AOP_STK for _process_records_sloc7_1_0
  1161                          ;	genMove_o size 2 result type 2 source type 5 hl_dead 1
  1162  02fd  dd6ef1            	ld	l,(ix-15)
  1163  0300  dd66f2            	ld	h,(ix-14)
  1164                          ;	genMove_o size 0 result type 2 source type 1 hl_dead 1
  1165  0303  09                	add	hl, bc
  1166                          ;	genCast
  1167                          ;	AOP_STK for _process_records_sloc0_1_0
  1168                          ;	genMove_o size 2 result type 5 source type 2 hl_dead 1
  1169  0304  dd75fd            	ld	(ix-3),l
  1170  0307  dd74fe            	ld	(ix-2),h
  1171                          ;	genMove_o size 0 result type 5 source type 1 hl_dead 1
  1172                          ;	genLabel
  1173                          l_process_records_00131:
  1174                          ;	genCast
  1175                          ;	AOP_STK for _process_records_sloc0_1_0
  1176                          ;	genMove_o size 1 result type 10 source type 5 hl_dead 1
  1177  030a  dd7efd            	ld	a,(ix-3)
  1178  030d  210000            	ld	hl,_sink
  1179  0310  77                	ld	(hl), a
  1180                          ;	genGetByte
  1181                          ;	AOP_STK for _process_records_sloc0_1_0
  1182                          ;	genMove_o size 1 result type 10 source type 5 hl_dead 1
  1183  0311  dd7efe            	ld	a,(ix-2)
  1184  0314  77                	ld	(hl), a
  1185                          ;	genXor
  1186                          ;	AOP_STK for _process_records_sloc4_1_0
  1187                          ;	AOP_STK for _process_records_sloc5_1_0
  1188  0315  dd7eed            	ld	a,(ix-19)
  1189  0318  ddaeee            	xor	a,(ix-18)
  1190                          ;	genMove_o size 1 result type 10 source type 2 hl_dead 1
  1191  031b  77                	ld	(hl), a
  1192                          ;	genAssign
  1193                          ;	AOP_STK for _process_records_sloc3_1_0
  1194                          ;	genMove_o size 1 result type 10 source type 5 hl_dead 1
  1195  031c  dd7eec            	ld	a,(ix-20)
  1196  031f  77                	ld	(hl), a
  1197                          ;	genPlus
  1198                          ;	AOP_STK for _process_records_sloc1_1_0
  1199  0320  dd34ff            	inc	(ix-1)
  1200                          ;	genGoto
  1201  0323  c32601            	jp	l_process_records_00134
  1202                          ;	genLabel
  1203                          l_process_records_00132:
  1204                          ;	genRet
  1205                          ;	AOP_STK for _process_records_sloc0_1_0
  1206                          ;	genMove_o size 2 result type 2 source type 5 hl_dead 1
  1207  0326  dd5efd            	ld	e,(ix-3)
  1208  0329  dd56fe            	ld	d,(ix-2)
  1209                          ;	genMove_o size 0 result type 2 source type 1 hl_dead 1
  1210                          ;	genLabel
  1211                          ; peephole 149 removed unused label l_process_records_00136$.
  1212                          ;	genEndFunction
  1213  032c  ddf9              	ld	sp, ix
  1214  032e  dde1              	pop	ix
  1215  0330  e1                	pop	hl
  1216                          ;	adjustStack by 1
  1217  0331  33                	inc	sp
  1218  0332  e9                	jp	(hl)
  1219                          ;	Total process_records function size at codegen: 18 bytes.
  1220                          ;	genLabel
  1221                          ;	genFunction
  1222                          ;	---------------------------------
  1223                          ; Function unrolled_hash
  1224                          ; ---------------------------------
  1225                          ;	Register assignment might be sub-optimal.
  1226                          ; Stack space usage: 5 bytes.
  1227                          _unrolled_hash:
  1228  0333  dde5              	push	ix
  1229  0335  dd210000          	ld	ix,0
  1230  0339  dd39              	add	ix,sp
  1231                          ;	adjustStack by -5
  1232  033b  f5                	push	af
  1233  033c  f5                	push	af
  1234  033d  3b                	dec	sp
  1235                          ;	genReceive
  1236                          ;	AOP_STK for _unrolled_hash_data_10000_15
  1237                          ;	genMove_o size 2 result type 5 source type 2 hl_dead 1
  1238  033e  dd75fd            	ld	(ix-3),l
  1239  0341  dd74fe            	ld	(ix-2),h
  1240                          ;	genMove_o size 0 result type 5 source type 1 hl_dead 1
  1241                          ;	genAssign
  1242                          ;	genMove_o size 2 result type 2 source type 1 hl_dead 1
  1243  0344  113412            	ld	de,0x1234
  1244                          ;	genAssign
  1245                          ;	AOP_STK for _unrolled_hash_sloc0_1_0
  1246                          ;	genMove_o size 1 result type 5 source type 1 hl_dead 1
  1247  0347  dd36ff00          	ld	(ix-1),0x00
  1248                          ;	genLabel
  1249                          l_unrolled_hash_00103:
  1250                          ;	genCmpLt
  1251                          ;	AOP_STK for _unrolled_hash_sloc0_1_0
  1252                          ;	AOP_STK for
  1253  034b  dd7eff            	ld	a,(ix-1)
  1254  034e  dd9604            	sub	a,(ix+4)
  1255  0351  d2ff03            	jp	NC, l_unrolled_hash_00101
  1256                          ;	skipping generated iCode
  1257                          ;	genPlus
  1258                          ;	AOP_STK for _unrolled_hash_data_10000_15
  1259                          ;	AOP_STK for _unrolled_hash_sloc0_1_0
  1260  0354  dd7efd            	ld	a,(ix-3)
  1261  0357  dd86ff            	add	a,(ix-1)
  1262  035a  6f                	ld	l, a
  1263  035b  dd7efe            	ld	a,(ix-2)
  1264  035e  ce00              	adc	a,0x00
  1265                          ;	genPointerGet
  1266                          ;fetchPairLong
  1267  0360  67                	ld	h, a
  1268                          ;	_moveFrom_tpair_()
  1269  0361  4e                	ld	c, (hl)
  1270                          ;	genCast
  1271                          ;	AOP_STK for _unrolled_hash_sloc1_1_0
  1272                          ;	genMove_o size 1 result type 5 source type 2 hl_dead 1
  1273                          ;	genMove_o size 0 result type 5 source type 1 hl_dead 1
  1274                          ;	genMove_o size 1 result type 5 source type 1 hl_dead 1
  1275                          ;	genXor
  1276                          ;	AOP_STK for _unrolled_hash_sloc1_1_0
  1277  0362  dd71fb            	ld	(ix-5),c
  1278  0365  dd36fc00          	ld	(ix-4),0x00
  1279  0369  7b                	ld	a,e
  1280  036a  a9                	xor	a,c
  1281                          ; peephole z88dk-397k1
  1282                          ;	genMove_o size 1 result type 2 source type 2 hl_dead 1
  1283  036b  5f                	ld	e, a
  1284                          ;	genMove_o size 0 result type 2 source type 1 hl_dead 1
  1285                          ;	genMove_o size 1 result type 2 source type 2 hl_dead 1
  1286                          ;	genRot
  1287                          ;	genMove_o size 2 result type 2 source type 2 hl_dead 1
  1288  036c  eb                	ex	de, hl
  1289                          ;	genMove_o size 0 result type 2 source type 1 hl_dead 1
  1290  036d  7c                	ld	a, h
  1291  036e  17                	rla
  1292  036f  ed6a              	adc	hl, hl
  1293                          ;	genMove_o size 2 result type 2 source type 2 hl_dead 1
  1294                          ;	genCast
  1295                          ;	(locations are the same)
  1296                          ;	genCast
  1297                          ;	(locations are the same)
  1298                          ;	genCast
  1299                          ;	genMove_o size 1 result type 2 source type 2 hl_dead 0
  1300                          ;	genMove_o size 1 result type 2 source type 1 hl_dead 0
  1301  0371  0600              	ld	b,0x00
  1302                          ;	genPlus
  1303  0373  09                	add	hl, bc
  1304                          ;	genCast
  1305                          ;	genMove_o size 2 result type 2 source type 2 hl_dead 1
  1306  0374  7d                	ld	a, l
  1307                          ;	genMove_o size 0 result type 2 source type 1 hl_dead 1
  1308                          ;	genCast
  1309                          ;	(locations are the same)
  1310                          ;	genXor
  1311  0375  eea5              	xor	a,0xa5
  1312                          ;	genMove_o size 1 result type 2 source type 2 hl_dead 0
  1313                          ;	genMove_o size 1 result type 2 source type 2 hl_dead 0
  1314                          ;	genCast
  1315                          ;	(locations are the same)
  1316                          ;	genXor
  1317                          ;	AOP_STK for _unrolled_hash_sloc1_1_0
  1318  0377  ddaefb            	xor	a,(ix-5)
  1319                          ;	genMove_o size 1 result type 2 source type 2 hl_dead 0
  1320  037a  6f                	ld	l, a
  1321                          ;	genMove_o size 0 result type 2 source type 1 hl_dead 0
  1322                          ;	genMove_o size 1 result type 2 source type 2 hl_dead 0
  1323                          ;	genRot
  1324                          ;	genMove_o size 2 result type 2 source type 2 hl_dead 1
  1325  037b  7c                	ld	a, h
  1326  037c  17                	rla
  1327  037d  ed6a              	adc	hl, hl
  1328                          ;	genMove_o size 2 result type 2 source type 2 hl_dead 1
  1329                          ;	genCast
  1330                          ;	(locations are the same)
  1331                          ;	genMinus
  1332  037f  af                	xor	a,a
  1333  0380  ed42              	sbc	hl,bc
  1334                          ; peephole z88dk-420a
  1335                          ;	genMove_o size 2 result type 2 source type 2 hl_dead 1
  1336  0382  eb                	ex	de, hl
  1337                          ;	genMove_o size 0 result type 2 source type 1 hl_dead 1
  1338                          ;	genCast
  1339                          ;	genMove_o size 2 result type 2 source type 2 hl_dead 1
  1340  0383  7b                	ld	a, e
  1341                          ;	genMove_o size 0 result type 2 source type 1 hl_dead 1
  1342                          ;	genCast
  1343                          ;	(locations are the same)
  1344                          ;	genXor
  1345  0384  ee5a              	xor	a,0x5a
  1346                          ;	genMove_o size 1 result type 2 source type 2 hl_dead 1
  1347                          ;	genMove_o size 1 result type 2 source type 2 hl_dead 1
  1348                          ;	genCast
  1349                          ;	(locations are the same)
  1350                          ;	genXor
  1351                          ;	AOP_STK for _unrolled_hash_sloc1_1_0
  1352  0386  ddaefb            	xor	a,(ix-5)
  1353                          ;	genMove_o size 1 result type 2 source type 2 hl_dead 1
  1354                          ;	genMove_o size 0 result type 2 source type 1 hl_dead 1
  1355                          ;	genMove_o size 1 result type 2 source type 2 hl_dead 1
  1356                          ;	genLeftShift
  1357                          ;	genMove_o size 2 result type 2 source type 2 hl_dead 1
  1358                          ; peephole 9 loaded l from a directly instead of going through e.
  1359  0389  6f                	ld	l, a
  1360  038a  62                	ld	h, d
  1361                          ;	genMove_o size 0 result type 2 source type 1 hl_dead 1
  1362  038b  29                	add	hl, hl
  1363  038c  29                	add	hl, hl
  1364                          ;	genRightShift
  1365  038d  7a                	ld	a, d
  1366  038e  07                	rlca
  1367  038f  07                	rlca
  1368  0390  e603              	and	a,0x03
  1369                          ; peephole 1 removed dead load from #0x00 into d.
  1370                          ;	genOr
  1371                          ; peephole 1 removed dead load from a into e.
  1372  0392  b5                	or	a,l
  1373                          ; peephole 72 removed load by reordering or arguments.
  1374                          ;	genMove_o size 1 result type 2 source type 2 hl_dead 0
  1375                          ;	genMove_o size 1 result type 2 source type 2 hl_dead 0
  1376                          ;	genCast
  1377                          ;	(locations are the same)
  1378                          ;	genPlus
  1379                          ;	genMove_o size 2 result type 2 source type 2 hl_dead 1
  1380  0393  6f                	ld	l, a
  1381                          ;	genMove_o size 0 result type 2 source type 1 hl_dead 1
  1382  0394  09                	add	hl, bc
  1383                          ;	genCast
  1384                          ;	genMove_o size 2 result type 2 source type 2 hl_dead 1
  1385  0395  7d                	ld	a, l
  1386  0396  5c                	ld	e, h
  1387                          ;	genMove_o size 0 result type 2 source type 1 hl_dead 1
  1388                          ;	genCast
  1389                          ;	(locations are the same)
  1390                          ;	genXor
  1391  0397  ee96              	xor	a,0x96
  1392                          ;	genMove_o size 1 result type 2 source type 2 hl_dead 1
  1393                          ;	genMove_o size 1 result type 2 source type 2 hl_dead 1
  1394                          ;	genCast
  1395                          ;	(locations are the same)
  1396                          ;	genXor
  1397                          ;	AOP_STK for _unrolled_hash_sloc1_1_0
  1398  0399  ddaefb            	xor	a,(ix-5)
  1399                          ;	genMove_o size 1 result type 2 source type 2 hl_dead 1
  1400                          ;	genMove_o size 0 result type 2 source type 1 hl_dead 1
  1401                          ;	genMove_o size 1 result type 2 source type 2 hl_dead 1
  1402                          ;	genLeftShift
  1403                          ;	genMove_o size 2 result type 2 source type 2 hl_dead 1
  1404                          ; peephole 9 loaded l from a directly instead of going through d.
  1405  039c  6f                	ld	l, a
  1406  039d  63                	ld	h, e
  1407                          ;	genMove_o size 0 result type 2 source type 1 hl_dead 1
  1408  039e  29                	add	hl, hl
  1409  039f  29                	add	hl, hl
  1410  03a0  29                	add	hl, hl
  1411                          ;	genRightShift
  1412  03a1  7b                	ld	a, e
  1413  03a2  07                	rlca
  1414  03a3  07                	rlca
  1415  03a4  07                	rlca
  1416  03a5  e607              	and	a,0x07
  1417  03a7  5f                	ld	e, a
  1418  03a8  1600              	ld	d,0x00
  1419                          ;	genOr
  1420  03aa  7d                	ld	a, l
  1421  03ab  b3                	or	a, e
  1422                          ;	genMove_o size 1 result type 2 source type 2 hl_dead 0
  1423                          ;	genMove_o size 1 result type 2 source type 2 hl_dead 0
  1424                          ;	genCast
  1425                          ;	genMove_o size 2 result type 2 source type 2 hl_dead 1
  1426  03ac  6f                	ld	l, a
  1427                          ;	genMove_o size 0 result type 2 source type 1 hl_dead 1
  1428                          ;	genMinus
  1429  03ad  af                	xor	a,a
  1430  03ae  ed42              	sbc	hl,bc
  1431                          ; peephole z88dk-420a
  1432                          ;	genMove_o size 2 result type 2 source type 2 hl_dead 1
  1433                          ;	genCast
  1434                          ;	genMove_o size 2 result type 2 source type 2 hl_dead 1
  1435  03b0  7d                	ld	a, l
  1436                          ;	genMove_o size 0 result type 2 source type 1 hl_dead 1
  1437                          ;	genCast
  1438                          ;	(locations are the same)
  1439                          ;	genXor
  1440  03b1  ee69              	xor	a,0x69
  1441                          ;	genMove_o size 1 result type 2 source type 2 hl_dead 0
  1442                          ;	genMove_o size 1 result type 2 source type 2 hl_dead 0
  1443                          ;	genCast
  1444                          ;	(locations are the same)
  1445                          ;	genXor
  1446                          ;	AOP_STK for _unrolled_hash_sloc1_1_0
  1447  03b3  ddaefb            	xor	a,(ix-5)
  1448                          ;	genMove_o size 1 result type 2 source type 2 hl_dead 0
  1449  03b6  6f                	ld	l, a
  1450                          ;	genMove_o size 0 result type 2 source type 1 hl_dead 0
  1451                          ;	genMove_o size 1 result type 2 source type 2 hl_dead 0
  1452                          ;	genRot
  1453                          ;	genMove_o size 2 result type 2 source type 2 hl_dead 1
  1454  03b7  7c                	ld	a, h
  1455  03b8  17                	rla
  1456  03b9  ed6a              	adc	hl, hl
  1457                          ;	genMove_o size 2 result type 2 source type 2 hl_dead 1
  1458                          ;	genCast
  1459                          ;	(locations are the same)
  1460                          ;	genPlus
  1461  03bb  09                	add	hl, bc
  1462                          ;	genCast
  1463                          ;	genMove_o size 2 result type 2 source type 2 hl_dead 1
  1464  03bc  7d                	ld	a, l
  1465                          ;	genMove_o size 0 result type 2 source type 1 hl_dead 1
  1466                          ;	genCast
  1467                          ;	(locations are the same)
  1468                          ;	genXor
  1469  03bd  eec3              	xor	a,0xc3
  1470                          ;	genMove_o size 1 result type 2 source type 2 hl_dead 0
  1471                          ;	genMove_o size 1 result type 2 source type 2 hl_dead 0
  1472                          ;	genCast
  1473                          ;	(locations are the same)
  1474                          ;	genXor
  1475                          ;	AOP_STK for _unrolled_hash_sloc1_1_0
  1476  03bf  ddaefb            	xor	a,(ix-5)
  1477                          ;	genMove_o size 1 result type 2 source type 2 hl_dead 0
  1478  03c2  6f                	ld	l, a
  1479                          ;	genMove_o size 0 result type 2 source type 1 hl_dead 0
  1480                          ;	genMove_o size 1 result type 2 source type 2 hl_dead 0
  1481                          ;	genRot
  1482                          ;	genMove_o size 2 result type 2 source type 2 hl_dead 1
  1483  03c3  7c                	ld	a, h
  1484  03c4  17                	rla
  1485  03c5  ed6a              	adc	hl, hl
  1486                          ;	genMove_o size 2 result type 2 source type 2 hl_dead 1
  1487                          ;	genCast
  1488                          ;	(locations are the same)
  1489                          ;	genMinus
  1490  03c7  af                	xor	a,a
  1491  03c8  ed42              	sbc	hl,bc
  1492                          ; peephole z88dk-420a
  1493                          ;	genMove_o size 2 result type 2 source type 2 hl_dead 1
  1494  03ca  eb                	ex	de, hl
  1495                          ;	genMove_o size 0 result type 2 source type 1 hl_dead 1
  1496                          ;	genCast
  1497                          ;	genMove_o size 2 result type 2 source type 2 hl_dead 1
  1498  03cb  7b                	ld	a, e
  1499                          ;	genMove_o size 0 result type 2 source type 1 hl_dead 1
  1500                          ;	genCast
  1501                          ;	(locations are the same)
  1502                          ;	genXor
  1503  03cc  ee3c              	xor	a,0x3c
  1504                          ;	genMove_o size 1 result type 2 source type 2 hl_dead 1
  1505                          ;	genMove_o size 1 result type 2 source type 2 hl_dead 1
  1506                          ;	genCast
  1507                          ;	(locations are the same)
  1508                          ;	genXor
  1509                          ;	AOP_STK for _unrolled_hash_sloc1_1_0
  1510  03ce  ddaefb            	xor	a,(ix-5)
  1511                          ;	genMove_o size 1 result type 2 source type 2 hl_dead 1
  1512                          ;	genMove_o size 0 result type 2 source type 1 hl_dead 1
  1513                          ;	genMove_o size 1 result type 2 source type 2 hl_dead 1
  1514                          ;	genLeftShift
  1515                          ;	genMove_o size 2 result type 2 source type 2 hl_dead 1
  1516                          ; peephole 9 loaded l from a directly instead of going through e.
  1517  03d1  6f                	ld	l, a
  1518  03d2  62                	ld	h, d
  1519                          ;	genMove_o size 0 result type 2 source type 1 hl_dead 1
  1520  03d3  29                	add	hl, hl
  1521  03d4  29                	add	hl, hl
  1522                          ;	genRightShift
  1523  03d5  7a                	ld	a, d
  1524  03d6  07                	rlca
  1525  03d7  07                	rlca
  1526  03d8  e603              	and	a,0x03
  1527                          ; peephole 1 removed dead load from #0x00 into d.
  1528                          ;	genOr
  1529                          ; peephole 1 removed dead load from a into e.
  1530  03da  b5                	or	a,l
  1531                          ; peephole 72 removed load by reordering or arguments.
  1532                          ;	genMove_o size 1 result type 2 source type 2 hl_dead 0
  1533                          ;	genMove_o size 1 result type 2 source type 2 hl_dead 0
  1534                          ;	genCast
  1535                          ;	(locations are the same)
  1536                          ;	genPlus
  1537                          ;	genMove_o size 2 result type 2 source type 2 hl_dead 1
  1538  03db  6f                	ld	l, a
  1539                          ;	genMove_o size 0 result type 2 source type 1 hl_dead 1
  1540  03dc  09                	add	hl, bc
  1541                          ;	genCast
  1542                          ;	genMove_o size 2 result type 2 source type 2 hl_dead 1
  1543  03dd  7d                	ld	a, l
  1544  03de  5c                	ld	e, h
  1545                          ;	genMove_o size 0 result type 2 source type 1 hl_dead 1
  1546                          ;	genCast
  1547                          ;	(locations are the same)
  1548                          ;	genXor
  1549  03df  eef0              	xor	a,0xf0
  1550                          ;	genMove_o size 1 result type 2 source type 2 hl_dead 1
  1551                          ;	genMove_o size 1 result type 2 source type 2 hl_dead 1
  1552                          ;	genCast
  1553                          ;	(locations are the same)
  1554                          ;	genXor
  1555                          ;	AOP_STK for _unrolled_hash_sloc1_1_0
  1556  03e1  ddaefb            	xor	a,(ix-5)
  1557                          ;	genMove_o size 1 result type 2 source type 2 hl_dead 1
  1558                          ;	genMove_o size 0 result type 2 source type 1 hl_dead 1
  1559                          ;	genMove_o size 1 result type 2 source type 2 hl_dead 1
  1560                          ;	genLeftShift
  1561                          ;	genMove_o size 2 result type 2 source type 2 hl_dead 1
  1562                          ; peephole 9 loaded l from a directly instead of going through d.
  1563  03e4  6f                	ld	l, a
  1564  03e5  63                	ld	h, e
  1565                          ;	genMove_o size 0 result type 2 source type 1 hl_dead 1
  1566  03e6  29                	add	hl, hl
  1567  03e7  29                	add	hl, hl
  1568  03e8  29                	add	hl, hl
  1569                          ;	genRightShift
  1570  03e9  7b                	ld	a, e
  1571  03ea  07                	rlca
  1572  03eb  07                	rlca
  1573  03ec  07                	rlca
  1574  03ed  e607              	and	a,0x07
  1575                          ; peephole 1 removed dead load from #0x00 into d.
  1576                          ;	genOr
  1577                          ; peephole 1 removed dead load from a into e.
  1578  03ef  b5                	or	a,l
  1579                          ; peephole 72 removed load by reordering or arguments.
  1580                          ;	genMove_o size 1 result type 2 source type 2 hl_dead 0
  1581                          ;	genMove_o size 1 result type 2 source type 2 hl_dead 0
  1582                          ;	genCast
  1583                          ;	(locations are the same)
  1584                          ;	genMinus
  1585  03f0  91                	sub	a, c
  1586  03f1  4f                	ld	c, a
  1587  03f2  7c                	ld	a, h
  1588  03f3  98                	sbc	a, b
  1589                          ;	genCast
  1590                          ;	genMove_o size 2 result type 2 source type 2 hl_dead 1
  1591  03f4  57                	ld	d, a
  1592  03f5  79                	ld	a, c
  1593                          ;	genMove_o size 0 result type 2 source type 1 hl_dead 1
  1594                          ;	genCast
  1595                          ;	(locations are the same)
  1596                          ;	genXor
  1597  03f6  ee0f              	xor	a,0x0f
  1598                          ;	genMove_o size 1 result type 2 source type 2 hl_dead 1
  1599                          ;	genMove_o size 1 result type 2 source type 2 hl_dead 1
  1600                          ;	genCast
  1601                          ;	genMove_o size 2 result type 2 source type 2 hl_dead 1
  1602  03f8  5f                	ld	e, a
  1603                          ;	genMove_o size 0 result type 2 source type 1 hl_dead 1
  1604                          ;	genPlus
  1605                          ;	AOP_STK for _unrolled_hash_sloc0_1_0
  1606  03f9  dd34ff            	inc	(ix-1)
  1607                          ;	genGoto
  1608  03fc  c34b03            	jp	l_unrolled_hash_00103
  1609                          ;	genLabel
  1610                          l_unrolled_hash_00101:
  1611                          ;	genRet
  1612                          ;	genMove_o size 2 result type 2 source type 2 hl_dead 1
  1613                          ;	genLabel
  1614                          ; peephole 149 removed unused label l_unrolled_hash_00105$.
  1615                          ;	genEndFunction
  1616  03ff  ddf9              	ld	sp, ix
  1617  0401  dde1              	pop	ix
  1618  0403  e1                	pop	hl
  1619                          ;	adjustStack by 1
  1620  0404  33                	inc	sp
  1621  0405  e9                	jp	(hl)
  1622                          ;	Total unrolled_hash function size at codegen: 0 bytes.
  1623                          ;	genLabel
  1624                          ;	genFunction
  1625                          ;	---------------------------------
  1626                          ; Function classify
  1627                          ; ---------------------------------
  1628                          ;	Register assignment is optimal.
  1629                          ; Stack space usage: 0 bytes.
  1630                          _classify:
  1631                          ;	genReceive
  1632                          ;	genMove_o size 1 result type 2 source type 2 hl_dead 1
  1633                          ;	genCast
  1634                          ;	genMove_o size 1 result type 2 source type 2 hl_dead 1
  1635  0406  4f                	ld	c, a
  1636                          ;	genMove_o size 0 result type 2 source type 1 hl_dead 1
  1637                          ;	genMove_o size 1 result type 2 source type 1 hl_dead 1
  1638  0407  0600              	ld	b,0x00
  1639                          ;	genCmpLt
  1640  0409  fe10              	cp	a,0x10
  1641  040b  3022              	jr	NC,l_classify_00111
  1642                          ; peephole 157 changed absolute to relative conditional jump.
  1643                          ;	skipping generated iCode
  1644                          ;	genAssign
  1645                          ;	genMove_o size 1 result type 10 source type 1 hl_dead 1
  1646  040d  210000            	ld	hl,_sink
  1647  0410  3600              	ld	(hl),0x00
  1648                          ;	genAssign
  1649                          ;	genMove_o size 1 result type 10 source type 2 hl_dead 1
  1650  0412  77                	ld	(hl), a
  1651                          ;	genAssign
  1652                          ;	genMove_o size 1 result type 10 source type 1 hl_dead 1
  1653  0413  3601              	ld	(hl),0x01
  1654                          ;	genAssign
  1655                          ;	genMove_o size 1 result type 10 source type 2 hl_dead 1
  1656  0415  77                	ld	(hl), a
  1657                          ;	genAssign
  1658                          ;	genMove_o size 1 result type 10 source type 1 hl_dead 1
  1659  0416  3602              	ld	(hl),0x02
  1660                          ;	genAssign
  1661                          ;	genMove_o size 1 result type 10 source type 2 hl_dead 1
  1662  0418  77                	ld	(hl), a
  1663                          ;	genAssign
  1664                          ;	genMove_o size 1 result type 10 source type 1 hl_dead 1
  1665  0419  3603              	ld	(hl),0x03
  1666                          ;	genAssign
  1667                          ;	genMove_o size 1 result type 10 source type 2 hl_dead 1
  1668  041b  77                	ld	(hl), a
  1669                          ;	genAssign
  1670                          ;	genMove_o size 1 result type 10 source type 1 hl_dead 1
  1671  041c  3604              	ld	(hl),0x04
  1672                          ;	genAssign
  1673                          ;	genMove_o size 1 result type 10 source type 2 hl_dead 1
  1674  041e  77                	ld	(hl), a
  1675                          ;	genAssign
  1676                          ;	genMove_o size 1 result type 10 source type 1 hl_dead 1
  1677  041f  3605              	ld	(hl),0x05
  1678                          ;	genAssign
  1679                          ;	genMove_o size 1 result type 10 source type 2 hl_dead 1
  1680  0421  77                	ld	(hl), a
  1681                          ;	genAssign
  1682                          ;	genMove_o size 1 result type 10 source type 1 hl_dead 1
  1683  0422  3606              	ld	(hl),0x06
  1684                          ;	genAssign
  1685                          ;	genMove_o size 1 result type 10 source type 2 hl_dead 1
  1686  0424  77                	ld	(hl), a
  1687                          ;	genAssign
  1688                          ;	genMove_o size 1 result type 10 source type 1 hl_dead 1
  1689  0425  3607              	ld	(hl),0x07
  1690                          ;	genAssign
  1691                          ;	genMove_o size 1 result type 10 source type 2 hl_dead 1
  1692  0427  77                	ld	(hl), a
  1693                          ;	genMult
  1694                          ;fetchPairLong
  1695  0428  69                	ld	l, c
  1696  0429  60                	ld	h, b
  1697  042a  29                	add	hl, hl
  1698  042b  09                	add	hl, bc
  1699                          ;	genMove_o size 2 result type 2 source type 2 hl_dead 1
  1700                          ;	genCast
  1701                          ;	(locations are the same)
  1702                          ;	genGoto
  1703  042c  c3c604            	jp	l_classify_00112
  1704                          ;	genLabel
  1705                          l_classify_00111:
  1706                          ;	genCmpLt
  1707  042f  fe20              	cp	a,0x20
  1708  0431  3022              	jr	NC,l_classify_00108
  1709                          ; peephole 157 changed absolute to relative conditional jump.
  1710                          ;	skipping generated iCode
  1711                          ;	genAssign
  1712                          ;	genMove_o size 1 result type 10 source type 1 hl_dead 1
  1713  0433  210000            	ld	hl,_sink
  1714  0436  360a              	ld	(hl),0x0a
  1715                          ;	genAssign
  1716                          ;	genMove_o size 1 result type 10 source type 2 hl_dead 1
  1717  0438  77                	ld	(hl), a
  1718                          ;	genAssign
  1719                          ;	genMove_o size 1 result type 10 source type 1 hl_dead 1
  1720  0439  360b              	ld	(hl),0x0b
  1721                          ;	genAssign
  1722                          ;	genMove_o size 1 result type 10 source type 2 hl_dead 1
  1723  043b  77                	ld	(hl), a
  1724                          ;	genAssign
  1725                          ;	genMove_o size 1 result type 10 source type 1 hl_dead 1
  1726  043c  360c              	ld	(hl),0x0c
  1727                          ;	genAssign
  1728                          ;	genMove_o size 1 result type 10 source type 2 hl_dead 1
  1729  043e  77                	ld	(hl), a
  1730                          ;	genAssign
  1731                          ;	genMove_o size 1 result type 10 source type 1 hl_dead 1
  1732  043f  360d              	ld	(hl),0x0d
  1733                          ;	genAssign
  1734                          ;	genMove_o size 1 result type 10 source type 2 hl_dead 1
  1735  0441  77                	ld	(hl), a
  1736                          ;	genAssign
  1737                          ;	genMove_o size 1 result type 10 source type 1 hl_dead 1
  1738  0442  360e              	ld	(hl),0x0e
  1739                          ;	genAssign
  1740                          ;	genMove_o size 1 result type 10 source type 2 hl_dead 1
  1741  0444  77                	ld	(hl), a
  1742                          ;	genAssign
  1743                          ;	genMove_o size 1 result type 10 source type 1 hl_dead 1
  1744  0445  360f              	ld	(hl),0x0f
  1745                          ;	genAssign
  1746                          ;	genMove_o size 1 result type 10 source type 2 hl_dead 1
  1747  0447  77                	ld	(hl), a
  1748                          ;	genAssign
  1749                          ;	genMove_o size 1 result type 10 source type 1 hl_dead 1
  1750  0448  3610              	ld	(hl),0x10
  1751                          ;	genAssign
  1752                          ;	genMove_o size 1 result type 10 source type 2 hl_dead 1
  1753  044a  77                	ld	(hl), a
  1754                          ;	genAssign
  1755                          ;	genMove_o size 1 result type 10 source type 1 hl_dead 1
  1756  044b  3611              	ld	(hl),0x11
  1757                          ;	genAssign
  1758                          ;	genMove_o size 1 result type 10 source type 2 hl_dead 1
  1759  044d  77                	ld	(hl), a
  1760                          ;	genMult
  1761                          ;fetchPairLong
  1762  044e  69                	ld	l, c
  1763  044f  60                	ld	h, b
  1764  0450  29                	add	hl, hl
  1765  0451  29                	add	hl, hl
  1766  0452  09                	add	hl, bc
  1767                          ;	genMove_o size 2 result type 2 source type 2 hl_dead 1
  1768                          ;	genCast
  1769                          ;	(locations are the same)
  1770                          ;	genGoto
  1771  0453  1871              	jr	l_classify_00112
  1772                          ; peephole 153 changed absolute to relative unconditional jump.
  1773                          ;	genLabel
  1774                          l_classify_00108:
  1775                          ;	genCmpLt
  1776  0455  fe40              	cp	a,0x40
  1777  0457  3023              	jr	NC,l_classify_00105
  1778                          ; peephole 157 changed absolute to relative conditional jump.
  1779                          ;	skipping generated iCode
  1780                          ;	genAssign
  1781                          ;	genMove_o size 1 result type 10 source type 1 hl_dead 1
  1782  0459  210000            	ld	hl,_sink
  1783  045c  3614              	ld	(hl),0x14
  1784                          ;	genAssign
  1785                          ;	genMove_o size 1 result type 10 source type 2 hl_dead 1
  1786  045e  77                	ld	(hl), a
  1787                          ;	genAssign
  1788                          ;	genMove_o size 1 result type 10 source type 1 hl_dead 1
  1789  045f  3615              	ld	(hl),0x15
  1790                          ;	genAssign
  1791                          ;	genMove_o size 1 result type 10 source type 2 hl_dead 1
  1792  0461  77                	ld	(hl), a
  1793                          ;	genAssign
  1794                          ;	genMove_o size 1 result type 10 source type 1 hl_dead 1
  1795  0462  3616              	ld	(hl),0x16
  1796                          ;	genAssign
  1797                          ;	genMove_o size 1 result type 10 source type 2 hl_dead 1
  1798  0464  77                	ld	(hl), a
  1799                          ;	genAssign
  1800                          ;	genMove_o size 1 result type 10 source type 1 hl_dead 1
  1801  0465  3617              	ld	(hl),0x17
  1802                          ;	genAssign
  1803                          ;	genMove_o size 1 result type 10 source type 2 hl_dead 1
  1804  0467  77                	ld	(hl), a
  1805                          ;	genAssign
  1806                          ;	genMove_o size 1 result type 10 source type 1 hl_dead 1
  1807  0468  3618              	ld	(hl),0x18
  1808                          ;	genAssign
  1809                          ;	genMove_o size 1 result type 10 source type 2 hl_dead 1
  1810  046a  77                	ld	(hl), a
  1811                          ;	genAssign
  1812                          ;	genMove_o size 1 result type 10 source type 1 hl_dead 1
  1813  046b  3619              	ld	(hl),0x19
  1814                          ;	genAssign
  1815                          ;	genMove_o size 1 result type 10 source type 2 hl_dead 1
  1816  046d  77                	ld	(hl), a
  1817                          ;	genAssign
  1818                          ;	genMove_o size 1 result type 10 source type 1 hl_dead 1
  1819  046e  361a              	ld	(hl),0x1a
  1820                          ;	genAssign
  1821                          ;	genMove_o size 1 result type 10 source type 2 hl_dead 1
  1822  0470  77                	ld	(hl), a
  1823                          ;	genAssign
  1824                          ;	genMove_o size 1 result type 10 source type 1 hl_dead 1
  1825  0471  361b              	ld	(hl),0x1b
  1826                          ;	genAssign
  1827                          ;	genMove_o size 1 result type 10 source type 2 hl_dead 1
  1828  0473  77                	ld	(hl), a
  1829                          ;	genMult
  1830                          ;fetchPairLong
  1831  0474  69                	ld	l, c
  1832  0475  60                	ld	h, b
  1833  0476  29                	add	hl, hl
  1834  0477  09                	add	hl, bc
  1835  0478  29                	add	hl, hl
  1836  0479  09                	add	hl, bc
  1837                          ;	genMove_o size 2 result type 2 source type 2 hl_dead 1
  1838                          ;	genCast
  1839                          ;	(locations are the same)
  1840                          ;	genGoto
  1841  047a  184a              	jr	l_classify_00112
  1842                          ; peephole 153 changed absolute to relative unconditional jump.
  1843                          ;	genLabel
  1844                          l_classify_00105:
  1845                          ;	genCmpLt
  1846  047c  fe80              	cp	a,0x80
  1847  047e  3024              	jr	NC,l_classify_00102
  1848                          ; peephole 157 changed absolute to relative conditional jump.
  1849                          ;	skipping generated iCode
  1850                          ;	genAssign
  1851                          ;	genMove_o size 1 result type 10 source type 1 hl_dead 1
  1852  0480  210000            	ld	hl,_sink
  1853  0483  361e              	ld	(hl),0x1e
  1854                          ;	genAssign
  1855                          ;	genMove_o size 1 result type 10 source type 2 hl_dead 1
  1856  0485  77                	ld	(hl), a
  1857                          ;	genAssign
  1858                          ;	genMove_o size 1 result type 10 source type 1 hl_dead 1
  1859  0486  361f              	ld	(hl),0x1f
  1860                          ;	genAssign
  1861                          ;	genMove_o size 1 result type 10 source type 2 hl_dead 1
  1862  0488  77                	ld	(hl), a
  1863                          ;	genAssign
  1864                          ;	genMove_o size 1 result type 10 source type 1 hl_dead 1
  1865  0489  3620              	ld	(hl),0x20
  1866                          ;	genAssign
  1867                          ;	genMove_o size 1 result type 10 source type 2 hl_dead 1
  1868  048b  77                	ld	(hl), a
  1869                          ;	genAssign
  1870                          ;	genMove_o size 1 result type 10 source type 1 hl_dead 1
  1871  048c  3621              	ld	(hl),0x21
  1872                          ;	genAssign
  1873                          ;	genMove_o size 1 result type 10 source type 2 hl_dead 1
  1874  048e  77                	ld	(hl), a
  1875                          ;	genAssign
  1876                          ;	genMove_o size 1 result type 10 source type 1 hl_dead 1
  1877  048f  3622              	ld	(hl),0x22
  1878                          ;	genAssign
  1879                          ;	genMove_o size 1 result type 10 source type 2 hl_dead 1
  1880  0491  77                	ld	(hl), a
  1881                          ;	genAssign
  1882                          ;	genMove_o size 1 result type 10 source type 1 hl_dead 1
  1883  0492  3623              	ld	(hl),0x23
  1884                          ;	genAssign
  1885                          ;	genMove_o size 1 result type 10 source type 2 hl_dead 1
  1886  0494  77                	ld	(hl), a
  1887                          ;	genAssign
  1888                          ;	genMove_o size 1 result type 10 source type 1 hl_dead 1
  1889  0495  3624              	ld	(hl),0x24
  1890                          ;	genAssign
  1891                          ;	genMove_o size 1 result type 10 source type 2 hl_dead 1
  1892  0497  77                	ld	(hl), a
  1893                          ;	genAssign
  1894                          ;	genMove_o size 1 result type 10 source type 1 hl_dead 1
  1895  0498  3625              	ld	(hl),0x25
  1896                          ;	genAssign
  1897                          ;	genMove_o size 1 result type 10 source type 2 hl_dead 1
  1898  049a  77                	ld	(hl), a
  1899                          ;	genMult
  1900                          ;fetchPairLong
  1901  049b  69                	ld	l, c
  1902  049c  60                	ld	h, b
  1903  049d  29                	add	hl, hl
  1904  049e  29                	add	hl, hl
  1905  049f  09                	add	hl, bc
  1906  04a0  29                	add	hl, hl
  1907  04a1  09                	add	hl, bc
  1908                          ;	genMove_o size 2 result type 2 source type 2 hl_dead 1
  1909                          ;	genCast
  1910                          ;	(locations are the same)
  1911                          ;	genGoto
  1912  04a2  1822              	jr	l_classify_00112
  1913                          ; peephole 153 changed absolute to relative unconditional jump.
  1914                          ;	genLabel
  1915                          l_classify_00102:
  1916                          ;	genAssign
  1917                          ;	genMove_o size 1 result type 10 source type 1 hl_dead 1
  1918  04a4  210000            	ld	hl,_sink
  1919  04a7  3628              	ld	(hl),0x28
  1920                          ;	genAssign
  1921                          ;	genMove_o size 1 result type 10 source type 2 hl_dead 1
  1922  04a9  77                	ld	(hl), a
  1923                          ;	genAssign
  1924                          ;	genMove_o size 1 result type 10 source type 1 hl_dead 1
  1925  04aa  3629              	ld	(hl),0x29
  1926                          ;	genAssign
  1927                          ;	genMove_o size 1 result type 10 source type 2 hl_dead 1
  1928  04ac  77                	ld	(hl), a
  1929                          ;	genAssign
  1930                          ;	genMove_o size 1 result type 10 source type 1 hl_dead 1
  1931  04ad  362a              	ld	(hl),0x2a
  1932                          ;	genAssign
  1933                          ;	genMove_o size 1 result type 10 source type 2 hl_dead 1
  1934  04af  77                	ld	(hl), a
  1935                          ;	genAssign
  1936                          ;	genMove_o size 1 result type 10 source type 1 hl_dead 1
  1937  04b0  362b              	ld	(hl),0x2b
  1938                          ;	genAssign
  1939                          ;	genMove_o size 1 result type 10 source type 2 hl_dead 1
  1940  04b2  77                	ld	(hl), a
  1941                          ;	genAssign
  1942                          ;	genMove_o size 1 result type 10 source type 1 hl_dead 1
  1943  04b3  362c              	ld	(hl),0x2c
  1944                          ;	genAssign
  1945                          ;	genMove_o size 1 result type 10 source type 2 hl_dead 1
  1946  04b5  77                	ld	(hl), a
  1947                          ;	genAssign
  1948                          ;	genMove_o size 1 result type 10 source type 1 hl_dead 1
  1949  04b6  362d              	ld	(hl),0x2d
  1950                          ;	genAssign
  1951                          ;	genMove_o size 1 result type 10 source type 2 hl_dead 1
  1952  04b8  77                	ld	(hl), a
  1953                          ;	genAssign
  1954                          ;	genMove_o size 1 result type 10 source type 1 hl_dead 1
  1955  04b9  362e              	ld	(hl),0x2e
  1956                          ;	genAssign
  1957                          ;	genMove_o size 1 result type 10 source type 2 hl_dead 1
  1958  04bb  77                	ld	(hl), a
  1959                          ;	genAssign
  1960                          ;	genMove_o size 1 result type 10 source type 1 hl_dead 1
  1961  04bc  362f              	ld	(hl),0x2f
  1962                          ;	genAssign
  1963                          ;	genMove_o size 1 result type 10 source type 2 hl_dead 1
  1964  04be  77                	ld	(hl), a
  1965                          ;	genMult
  1966                          ;fetchPairLong
  1967  04bf  69                	ld	l, c
  1968  04c0  60                	ld	h, b
  1969  04c1  29                	add	hl, hl
  1970  04c2  09                	add	hl, bc
  1971  04c3  29                	add	hl, hl
  1972  04c4  29                	add	hl, hl
  1973  04c5  09                	add	hl, bc
  1974                          ;	genMove_o size 2 result type 2 source type 2 hl_dead 1
  1975                          ;	genCast
  1976                          ;	(locations are the same)
  1977                          ;	genLabel
  1978                          l_classify_00112:
  1979                          ;	genRet
  1980                          ;	genMove_o size 2 result type 2 source type 2 hl_dead 1
  1981  04c6  eb                	ex	de, hl
  1982                          ;	genMove_o size 0 result type 2 source type 1 hl_dead 1
  1983                          ;	genLabel
  1984                          ; peephole 149 removed unused label l_classify_00113$.
  1985                          ;	genEndFunction
  1986  04c7  c9                	ret
  1987                          ;	Total classify function size at codegen: 0 bytes.
  1988                          ;	genLabel
  1989                          ;	genFunction
  1990                          ;	---------------------------------
  1991                          ; Function main
  1992                          ; ---------------------------------
  1993                          ;	Register assignment is optimal.
  1994                          ; Stack space usage: 14 bytes.
  1995                          _main:
  1996  04c8  cd0000            	call	___sdcc_enter_ix
  1997                          ;	adjustStack by -14
  1998  04cb  21f2ff            	ld	hl, -14
  1999  04ce  39                	add	hl, sp
  2000  04cf  f9                	ld	sp, hl
  2001                          ;	genAssign
  2002                          ;	genMove_o size 1 result type 2 source type 1 hl_dead 1
  2003  04d0  0e00              	ld	c,0x00
  2004                          ;	skipping iCode since result will be rematerialized
  2005                          ;	genPointerSet
  2006                          ;	genMove_o size 1 result type 5 source type 1 hl_dead 1
  2007  04d2  dd36f918          	ld	(ix-7),0x18
  2008                          ;	skipping iCode since result will be rematerialized
  2009                          ;	genPointerSet
  2010                          ;	genMove_o size 1 result type 5 source type 1 hl_dead 1
  2011  04d6  dd36fa28          	ld	(ix-6),0x28
  2012                          ;	skipping iCode since result will be rematerialized
  2013                          ;	genPointerSet
  2014                          ;	genMove_o size 1 result type 5 source type 1 hl_dead 1
  2015  04da  dd36fb00          	ld	(ix-5),0x00
  2016                          ;	skipping iCode since result will be rematerialized
  2017                          ;	genPointerSet
  2018                          ;	genMove_o size 1 result type 5 source type 1 hl_dead 1
  2019  04de  dd36fc06          	ld	(ix-4),0x06
  2020                          ;	skipping iCode since result will be rematerialized
  2021                          ;	genPointerSet
  2022                          ;	genMove_o size 1 result type 5 source type 1 hl_dead 1
  2023  04e2  dd36fd0e          	ld	(ix-3),0x0e
  2024                          ;	skipping iCode since result will be rematerialized
  2025                          ;	genIpush
  2026  04e6  c5                	push	bc
  2027                          ;	genMove_o size 1 result type 2 source type 1 hl_dead 1
  2028  04e7  3e05              	ld	a,0x05
  2029  04e9  f5                	push	af
  2030  04ea  33                	inc	sp
  2031                          ;	genSend
  2032                          ;	genMove_o size 2 result type 2 source type 7 hl_dead 1
  2033  04eb  210a00            	ld	hl,10
  2034  04ee  39                	add	hl, sp
  2035                          ;	genMove_o size 2 result type 2 source type 2 hl_dead 1
  2036                          ;	genCall
  2037  04ef  cd0000            	call	_state_machine
  2038                          ;	genMove_o size 2 result type 2 source type 2 hl_dead 1
  2039  04f2  c1                	pop	bc
  2040                          ;	genCast
  2041                          ;	(locations are the same)
  2042                          ;	genCmpEq
  2043  04f3  7b                	ld	a, e
  2044  04f4  d607              	sub	a,0x07
  2045  04f6  b2                	or	a, d
  2046                          ; peephole 62 removed jp by using inverse jump logic
  2047                          ; peephole 149 removed unused label l_main_00171$.
  2048  04f7  2002              	jr	NZ,l_main_00102
  2049                          ; peephole 155 changed absolute to relative conditional jump.
  2050                          ; peephole 63 removed jp by using inverse jump logic
  2051                          ; peephole 149 removed unused label l_main_00172$.
  2052                          ;	skipping generated iCode
  2053                          ;	genAssign
  2054                          ;	genMove_o size 1 result type 2 source type 1 hl_dead 1
  2055  04f9  0e01              	ld	c,0x01
  2056                          ;	genLabel
  2057                          l_main_00102:
  2058                          ;	skipping iCode since result will be rematerialized
  2059                          ;	genPointerSet
  2060                          ;	genMove_o size 1 result type 5 source type 1 hl_dead 1
  2061  04fb  dd36f200          	ld	(ix-14),0x00
  2062                          ;	skipping iCode since result will be rematerialized
  2063                          ;	genPointerSet
  2064                          ;	genMove_o size 1 result type 5 source type 1 hl_dead 1
  2065  04ff  dd36f303          	ld	(ix-13),0x03
  2066                          ;	skipping iCode since result will be rematerialized
  2067                          ;	genPointerSet
  2068                          ;	genMove_o size 1 result type 5 source type 1 hl_dead 1
  2069  0503  dd36f40a          	ld	(ix-12),0x0a
  2070                          ;	skipping iCode since result will be rematerialized
  2071                          ;	genPointerSet
  2072                          ;	genMove_o size 1 result type 5 source type 1 hl_dead 1
  2073  0507  dd36f514          	ld	(ix-11),0x14
  2074                          ;	skipping iCode since result will be rematerialized
  2075                          ;	genPointerSet
  2076                          ;	genMove_o size 1 result type 5 source type 1 hl_dead 1
  2077  050b  dd36f601          	ld	(ix-10),0x01
  2078                          ;	skipping iCode since result will be rematerialized
  2079                          ;	genPointerSet
  2080                          ;	genMove_o size 1 result type 5 source type 1 hl_dead 1
  2081  050f  dd36f701          	ld	(ix-9),0x01
  2082                          ;	skipping iCode since result will be rematerialized
  2083                          ;	genPointerSet
  2084                          ;	genMove_o size 1 result type 5 source type 1 hl_dead 1
  2085  0513  dd36f805          	ld	(ix-8),0x05
  2086                          ;	skipping iCode since result will be rematerialized
  2087                          ;	genPointerSet
  2088                          ;	genMove_o size 1 result type 5 source type 1 hl_dead 1
  2089  0517  dd36f900          	ld	(ix-7),0x00
  2090                          ;	skipping iCode since result will be rematerialized
  2091                          ;	genPointerSet
  2092                          ;	genMove_o size 1 result type 5 source type 1 hl_dead 1
  2093  051b  dd36fa03          	ld	(ix-6),0x03
  2094                          ;	skipping iCode since result will be rematerialized
  2095                          ;	genPointerSet
  2096                          ;	genMove_o size 1 result type 5 source type 1 hl_dead 1
  2097  051f  dd36fb00          	ld	(ix-5),0x00
  2098                          ;	skipping iCode since result will be rematerialized
  2099                          ;	genPointerSet
  2100                          ;	genMove_o size 1 result type 5 source type 1 hl_dead 1
  2101  0523  dd36fc32          	ld	(ix-4),0x32
  2102                          ;	skipping iCode since result will be rematerialized
  2103                          ;	genPointerSet
  2104                          ;	genMove_o size 1 result type 5 source type 1 hl_dead 1
  2105  0527  dd36fd1e          	ld	(ix-3),0x1e
  2106                          ;	skipping iCode since result will be rematerialized
  2107                          ;	genIpush
  2108  052b  c5                	push	bc
  2109                          ;	genMove_o size 1 result type 2 source type 1 hl_dead 1
  2110  052c  3e03              	ld	a,0x03
  2111  052e  f5                	push	af
  2112  052f  33                	inc	sp
  2113                          ;	genSend
  2114                          ;	genMove_o size 2 result type 2 source type 7 hl_dead 1
  2115  0530  210300            	ld	hl,3
  2116  0533  39                	add	hl, sp
  2117                          ;	genMove_o size 2 result type 2 source type 2 hl_dead 1
  2118                          ;	genCall
  2119  0534  cd0601            	call	_process_records
  2120                          ;	genMove_o size 2 result type 2 source type 2 hl_dead 1
  2121  0537  c1                	pop	bc
  2122                          ;	genCast
  2123                          ;	(locations are the same)
  2124                          ;	genCmpEq
  2125  0538  7b                	ld	a, e
  2126  0539  d62f              	sub	a,0x2f
  2127  053b  b2                	or	a, d
  2128                          ; peephole 62 removed jp by using inverse jump logic
  2129                          ; peephole 149 removed unused label l_main_00173$.
  2130  053c  2002              	jr	NZ,l_main_00104
  2131                          ; peephole 155 changed absolute to relative conditional jump.
  2132                          ; peephole 63 removed jp by using inverse jump logic
  2133                          ; peephole 149 removed unused label l_main_00174$.
  2134                          ;	skipping generated iCode
  2135                          ;	genCast
  2136                          ;	(locations are the same)
  2137                          ;	genOr
  2138  053e  cbc9              	set	1, c
  2139                          ;	genCast
  2140                          ;	(locations are the same)
  2141                          ;	genCast
  2142                          ;	(locations are the same)
  2143                          ;	genLabel
  2144                          l_main_00104:
  2145                          ;	skipping iCode since result will be rematerialized
  2146                          ;	genPointerSet
  2147                          ;	genMove_o size 1 result type 5 source type 1 hl_dead 1
  2148  0540  dd36fb41          	ld	(ix-5),0x41
  2149                          ;	skipping iCode since result will be rematerialized
  2150                          ;	genPointerSet
  2151                          ;	genMove_o size 1 result type 5 source type 1 hl_dead 1
  2152  0544  dd36fc42          	ld	(ix-4),0x42
  2153                          ;	skipping iCode since result will be rematerialized
  2154                          ;	genPointerSet
  2155                          ;	genMove_o size 1 result type 5 source type 1 hl_dead 1
  2156  0548  dd36fd43          	ld	(ix-3),0x43
  2157                          ;	genCast
  2158                          ;	genMove_o size 2 result type 2 source type 7 hl_dead 1
  2159  054c  210900            	ld	hl,9
  2160  054f  39                	add	hl, sp
  2161                          ;	genMove_o size 2 result type 2 source type 2 hl_dead 1
  2162                          ;	genIpush
  2163  0550  e5                	push	hl
  2164  0551  c5                	push	bc
  2165                          ;	genMove_o size 1 result type 2 source type 1 hl_dead 0
  2166  0552  3e03              	ld	a,0x03
  2167  0554  f5                	push	af
  2168  0555  33                	inc	sp
  2169                          ;	genSend
  2170                          ;	genMove_o size 2 result type 2 source type 2 hl_dead 0
  2171                          ;	genCall
  2172  0556  cd3303            	call	_unrolled_hash
  2173                          ;	genMove_o size 2 result type 2 source type 2 hl_dead 1
  2174  0559  c1                	pop	bc
  2175  055a  e1                	pop	hl
  2176                          ;	genIpush
  2177  055b  c5                	push	bc
  2178  055c  d5                	push	de
  2179                          ;	genMove_o size 1 result type 2 source type 1 hl_dead 0
  2180  055d  3e03              	ld	a,0x03
  2181  055f  f5                	push	af
  2182  0560  33                	inc	sp
  2183                          ;	genSend
  2184                          ;	genMove_o size 2 result type 2 source type 2 hl_dead 1
  2185                          ;	genCall
  2186  0561  cd3303            	call	_unrolled_hash
  2187                          ;	genMove_o size 2 result type 2 source type 2 hl_dead 1
  2188  0564  eb                	ex	de, hl
  2189                          ;	genMove_o size 0 result type 2 source type 1 hl_dead 1
  2190  0565  d1                	pop	de
  2191  0566  c1                	pop	bc
  2192                          ;	genCmpEq
  2193                          ;fetchPairLong
  2194                          ;fetchPairLong
  2195  0567  af                	xor	a,a
  2196  0568  ed52              	sbc	hl,de
  2197                          ; peephole z88dk-420a
  2198                          ; peephole 62 removed jp by using inverse jump logic
  2199                          ; peephole 149 removed unused label l_main_00175$.
  2200  056a  2010              	jr	NZ,l_main_00106
  2201                          ; peephole 155 changed absolute to relative conditional jump.
  2202                          ; peephole 63 removed jp by using inverse jump logic
  2203                          ; peephole 149 removed unused label l_main_00176$.
  2204                          ;	skipping generated iCode
  2205                          ;	genIfx
  2206  056c  7a                	ld	a, d
  2207  056d  b3                	or	a, e
  2208  056e  280c              	jr	Z,l_main_00106
  2209                          ; peephole 154 changed absolute to relative conditional jump.
  2210                          ;	genCast
  2211                          ;	(locations are the same)
  2212                          ;	genCmpEq
  2213  0570  7b                	ld	a, e
  2214  0571  d634              	sub	a,0x34
  2215  0573  2005              	jr	NZ,l_main_00177
  2216                          ; peephole 155 changed absolute to relative conditional jump.
  2217  0575  7a                	ld	a, d
  2218  0576  d612              	sub	a,0x12
  2219  0578  2802              	jr	Z,l_main_00106
  2220                          ; peephole 154 changed absolute to relative conditional jump.
  2221                          ; peephole 62 removed jp by using inverse jump logic
  2222                          l_main_00177:
  2223                          ;	skipping generated iCode
  2224                          ;	genCast
  2225                          ;	(locations are the same)
  2226                          ;	genOr
  2227  057a  cbd1              	set	2, c
  2228                          ;	genCast
  2229                          ;	(locations are the same)
  2230                          ;	genCast
  2231                          ;	(locations are the same)
  2232                          ;	genLabel
  2233                          l_main_00106:
  2234                          ;	genSend
  2235  057c  c5                	push	bc
  2236                          ;	genMove_o size 1 result type 2 source type 1 hl_dead 1
  2237  057d  3e0a              	ld	a,0x0a
  2238                          ;	genCall
  2239  057f  cd0604            	call	_classify
  2240                          ;	genMove_o size 2 result type 2 source type 2 hl_dead 1
  2241  0582  eb                	ex	de, hl
  2242                          ;	genMove_o size 0 result type 2 source type 1 hl_dead 1
  2243  0583  c1                	pop	bc
  2244                          ;	genSend
  2245  0584  e5                	push	hl
  2246  0585  c5                	push	bc
  2247                          ;	genMove_o size 1 result type 2 source type 1 hl_dead 0
  2248  0586  3e14              	ld	a,0x14
  2249                          ;	genCall
  2250                          ;	AOP_STK for _main_sloc0_1_0
  2251  0588  cd0604            	call	_classify
  2252                          ;	genMove_o size 2 result type 5 source type 2 hl_dead 1
  2253  058b  dd73fe            	ld	(ix-2),e
  2254  058e  dd72ff            	ld	(ix-1),d
  2255                          ;	genMove_o size 0 result type 5 source type 1 hl_dead 1
  2256                          ;	genSend
  2257                          ; peephole 44 eleminated dead pop/push pair.
  2258                          ; peephole 44 eleminated dead pop/push pair.
  2259                          ;	genMove_o size 1 result type 2 source type 1 hl_dead 0
  2260  0591  3ec8              	ld	a,0xc8
  2261                          ;	genCall
  2262  0593  cd0604            	call	_classify
  2263                          ;	genMove_o size 2 result type 2 source type 2 hl_dead 1
  2264  0596  c1                	pop	bc
  2265  0597  e1                	pop	hl
  2266                          ;	genCast
  2267                          ;	(locations are the same)
  2268                          ;	genCmpEq
  2269  0598  7d                	ld	a, l
  2270  0599  d61e              	sub	a,0x1e
  2271  059b  b4                	or	a, h
  2272                          ; peephole 62 removed jp by using inverse jump logic
  2273                          ; peephole 149 removed unused label l_main_00178$.
  2274  059c  2017              	jr	NZ,l_main_00110
  2275                          ; peephole 155 changed absolute to relative conditional jump.
  2276                          ; peephole 63 removed jp by using inverse jump logic
  2277                          ; peephole 149 removed unused label l_main_00179$.
  2278                          ;	skipping generated iCode
  2279                          ;	genCast
  2280                          ;	AOP_STK for _main_sloc0_1_0
  2281                          ;	genMove_o size 2 result type 2 source type 5 hl_dead 1
  2282                          ;	genMove_o size 0 result type 2 source type 1 hl_dead 1
  2283                          ;	genCmpEq
  2284                          ; peephole 13 loaded -2 (ix) into a directly instead of going through b.
  2285  059e  dd6eff            	ld	l,(ix-1)
  2286  05a1  dd7efe            	ld	a,(ix-2)
  2287                          ; peephole z88dk-75c
  2288  05a4  d664              	sub	a,0x64
  2289  05a6  b5                	or	a, l
  2290                          ; peephole 62 removed jp by using inverse jump logic
  2291                          ; peephole 149 removed unused label l_main_00180$.
  2292  05a7  200c              	jr	NZ,l_main_00110
  2293                          ; peephole 155 changed absolute to relative conditional jump.
  2294                          ; peephole 63 removed jp by using inverse jump logic
  2295                          ; peephole 149 removed unused label l_main_00181$.
  2296                          ;	skipping generated iCode
  2297                          ;	genCast
  2298                          ;	(locations are the same)
  2299                          ;	genCmpEq
  2300  05a9  7b                	ld	a, e
  2301  05aa  d628              	sub	a,0x28
  2302  05ac  2007              	jr	NZ,l_main_00110
  2303                          ; peephole 155 changed absolute to relative conditional jump.
  2304                          ; peephole 65 jumped to l_main_00110$ directly instead of via l_main_00182$.
  2305  05ae  7a                	ld	a, d
  2306  05af  d60a              	sub	a,0x0a
  2307                          ; peephole 62 removed jp by using inverse jump logic
  2308                          ; peephole 149 removed unused label l_main_00182$.
  2309  05b1  2002              	jr	NZ,l_main_00110
  2310                          ; peephole 155 changed absolute to relative conditional jump.
  2311                          ; peephole 63 removed jp by using inverse jump logic
  2312                          ; peephole 149 removed unused label l_main_00183$.
  2313                          ;	skipping generated iCode
  2314                          ;	genCast
  2315                          ;	(locations are the same)
  2316                          ;	genOr
  2317  05b3  cbd9              	set	3, c
  2318                          ;	genCast
  2319                          ;	(locations are the same)
  2320                          ;	genCast
  2321                          ;	(locations are the same)
  2322                          ;	genLabel
  2323                          l_main_00110:
  2324                          ;	genCast
  2325                          ;	genMove_o size 1 result type 2 source type 2 hl_dead 1
  2326                          ;	genMove_o size 1 result type 2 source type 1 hl_dead 1
  2327  05b5  1600              	ld	d,0x00
  2328                          ;	genRet
  2329                          ;	genMove_o size 2 result type 2 source type 2 hl_dead 1
  2330  05b7  59                	ld	e, c
  2331                          ;	genMove_o size 0 result type 2 source type 1 hl_dead 1
  2332                          ;	genLabel
  2333                          ; peephole 149 removed unused label l_main_00113$.
  2334                          ;	genEndFunction
  2335  05b8  ddf9              	ld	sp, ix
  2336  05ba  dde1              	pop	ix
  2337  05bc  c9                	ret
  2338                          ;	Total main function size at codegen: 39 bytes.
  2339                          	SECTION IGNORE
  2340                          
