/tmp/tmpXXJpmDmN.asm:
     1                          MODULE bench_sort_c
     2                          LINE 0, "/work/programs/bench_sort.c"
/work/programs/bench_sort.c:
                                
     1                          ;--------------------------------------------------------
     2                          ; File Created by SDCC : free open source ISO C Compiler
     3                          ; Version 4.5.0 #15242 (Linux)
     4                          ;--------------------------------------------------------
     5                          ; Processed by Z88DK
     6                          ;--------------------------------------------------------
     7                          
     8                          	EXTERN __divschar
     9                          	EXTERN __divschar_callee
    10                          	EXTERN __divsint
    11                          	EXTERN __divsint_callee
    12                          	EXTERN __divslong
    13                          	EXTERN __divslong_callee
    14                          	EXTERN __divslonglong
    15                          	EXTERN __divslonglong_callee
    16                          	EXTERN __divsuchar
    17                          	EXTERN __divsuchar_callee
    18                          	EXTERN __divuchar
    19                          	EXTERN __divuchar_callee
    20                          	EXTERN __divuint
    21                          	EXTERN __divuint_callee
    22                          	EXTERN __divulong
    23                          	EXTERN __divulong_callee
    24                          	EXTERN __divulonglong
    25                          	EXTERN __divulonglong_callee
    26                          	EXTERN __divuschar
    27                          	EXTERN __divuschar_callee
    28                          	EXTERN __modschar
    29                          	EXTERN __modschar_callee
    30                          	EXTERN __modsint
    31                          	EXTERN __modsint_callee
    32                          	EXTERN __modslong
    33                          	EXTERN __modslong_callee
    34                          	EXTERN __modslonglong
    35                          	EXTERN __modslonglong_callee
    36                          	EXTERN __modsuchar
    37                          	EXTERN __modsuchar_callee
    38                          	EXTERN __moduchar
    39                          	EXTERN __moduchar_callee
    40                          	EXTERN __moduint
    41                          	EXTERN __moduint_callee
    42                          	EXTERN __modulong
    43                          	EXTERN __modulong_callee
    44                          	EXTERN __modulonglong
    45                          	EXTERN __modulonglong_callee
    46                          	EXTERN __moduschar
    47                          	EXTERN __moduschar_callee
    48                          	EXTERN __mulint
    49                          	EXTERN __mulint_callee
    50                          	EXTERN __mullong
    51                          	EXTERN __mullong_callee
    52                          	EXTERN __mullonglong
    53                          	EXTERN __mullonglong_callee
    54                          	EXTERN __mulschar
    55                          	EXTERN __mulschar_callee
    56                          	EXTERN __mulsuchar
    57                          	EXTERN __mulsuchar_callee
    58                          	EXTERN __muluchar
    59                          	EXTERN __muluchar_callee
    60                          	EXTERN __muluschar
    61                          	EXTERN __muluschar_callee
    62                          	EXTERN __rlslonglong
    63                          	EXTERN __rlslonglong_callee
    64                          	EXTERN __rlulonglong
    65                          	EXTERN __rlulonglong_callee
    66                          	EXTERN __rrslonglong
    67                          	EXTERN __rrslonglong_callee
    68                          	EXTERN __rrulonglong
    69                          	EXTERN __rrulonglong_callee
    70                          	EXTERN ___mulsint2slong
    71                          	EXTERN ___mulsint2slong_callee
    72                          	EXTERN ___muluint2ulong
    73                          	EXTERN ___muluint2ulong_callee
    74                          	EXTERN ___sdcc_call_hl
    75                          	EXTERN ___sdcc_call_iy
    76                          	EXTERN ___sdcc_enter_ix
    77                          	EXTERN banked_call
    78                          	EXTERN _banked_ret
    79                          	EXTERN ___fs2schar
    80                          	EXTERN ___fs2schar_callee
    81                          	EXTERN ___fs2sint
    82                          	EXTERN ___fs2sint_callee
    83                          	EXTERN ___fs2slong
    84                          	EXTERN ___fs2slong_callee
    85                          	EXTERN ___fs2slonglong
    86                          	EXTERN ___fs2slonglong_callee
    87                          	EXTERN ___fs2uchar
    88                          	EXTERN ___fs2uchar_callee
    89                          	EXTERN ___fs2uint
    90                          	EXTERN ___fs2uint_callee
    91                          	EXTERN ___fs2ulong
    92                          	EXTERN ___fs2ulong_callee
    93                          	EXTERN ___fs2ulonglong
    94                          	EXTERN ___fs2ulonglong_callee
    95                          	EXTERN ___fsadd
    96                          	EXTERN ___fsadd_callee
    97                          	EXTERN ___fsdiv
    98                          	EXTERN ___fsdiv_callee
    99                          	EXTERN ___fseq
   100                          	EXTERN ___fseq_callee
   101                          	EXTERN ___fsgt
   102                          	EXTERN ___fsgt_callee
   103                          	EXTERN ___fslt
   104                          	EXTERN ___fslt_callee
   105                          	EXTERN ___fsmul
   106                          	EXTERN ___fsmul_callee
   107                          	EXTERN ___fsneq
   108                          	EXTERN ___fsneq_callee
   109                          	EXTERN ___fssub
   110                          	EXTERN ___fssub_callee
   111                          	EXTERN ___schar2fs
   112                          	EXTERN ___schar2fs_callee
   113                          	EXTERN ___sint2fs
   114                          	EXTERN ___sint2fs_callee
   115                          	EXTERN ___slong2fs
   116                          	EXTERN ___slong2fs_callee
   117                          	EXTERN ___slonglong2fs
   118                          	EXTERN ___slonglong2fs_callee
   119                          	EXTERN ___uchar2fs
   120                          	EXTERN ___uchar2fs_callee
   121                          	EXTERN ___uint2fs
   122                          	EXTERN ___uint2fs_callee
   123                          	EXTERN ___ulong2fs
   124                          	EXTERN ___ulong2fs_callee
   125                          	EXTERN ___ulonglong2fs
   126                          	EXTERN ___ulonglong2fs_callee
   127                          	EXTERN ____sdcc_2_copy_src_mhl_dst_deix
   128                          	EXTERN ____sdcc_2_copy_src_mhl_dst_bcix
   129                          	EXTERN ____sdcc_4_copy_src_mhl_dst_deix
   130                          	EXTERN ____sdcc_4_copy_src_mhl_dst_bcix
   131                          	EXTERN ____sdcc_4_copy_src_mhl_dst_mbc
   132                          	EXTERN ____sdcc_4_ldi_nosave_bc
   133                          	EXTERN ____sdcc_4_ldi_save_bc
   134                          	EXTERN ____sdcc_4_push_hlix
   135                          	EXTERN ____sdcc_4_push_mhl
   136                          	EXTERN ____sdcc_lib_setmem_hl
   137                          	EXTERN ____sdcc_ll_add_de_bc_hl
   138                          	EXTERN ____sdcc_ll_add_de_bc_hlix
   139                          	EXTERN ____sdcc_ll_add_de_hlix_bc
   140                          	EXTERN ____sdcc_ll_add_de_hlix_bcix
   141                          	EXTERN ____sdcc_ll_add_deix_bc_hl
   142                          	EXTERN ____sdcc_ll_add_deix_hlix
   143                          	EXTERN ____sdcc_ll_add_hlix_bc_deix
   144                          	EXTERN ____sdcc_ll_add_hlix_deix_bc
   145                          	EXTERN ____sdcc_ll_add_hlix_deix_bcix
   146                          	EXTERN ____sdcc_ll_asr_hlix_a
   147                          	EXTERN ____sdcc_ll_asr_mbc_a
   148                          	EXTERN ____sdcc_ll_copy_src_de_dst_hlix
   149                          	EXTERN ____sdcc_ll_copy_src_de_dst_hlsp
   150                          	EXTERN ____sdcc_ll_copy_src_deix_dst_hl
   151                          	EXTERN ____sdcc_ll_copy_src_deix_dst_hlix
   152                          	EXTERN ____sdcc_ll_copy_src_deixm_dst_hlsp
   153                          	EXTERN ____sdcc_ll_copy_src_desp_dst_hlsp
   154                          	EXTERN ____sdcc_ll_copy_src_hl_dst_de
   155                          	EXTERN ____sdcc_ll_copy_src_hlsp_dst_de
   156                          	EXTERN ____sdcc_ll_copy_src_hlsp_dst_deixm
   157                          	EXTERN ____sdcc_ll_lsl_hlix_a
   158                          	EXTERN ____sdcc_ll_lsl_mbc_a
   159                          	EXTERN ____sdcc_ll_lsr_hlix_a
   160                          	EXTERN ____sdcc_ll_lsr_mbc_a
   161                          	EXTERN ____sdcc_ll_push_hlix
   162                          	EXTERN ____sdcc_ll_push_mhl
   163                          	EXTERN ____sdcc_ll_sub_de_bc_hl
   164                          	EXTERN ____sdcc_ll_sub_de_bc_hlix
   165                          	EXTERN ____sdcc_ll_sub_de_hlix_bc
   166                          	EXTERN ____sdcc_ll_sub_de_hlix_bcix
   167                          	EXTERN ____sdcc_ll_sub_deix_bc_hl
   168                          	EXTERN ____sdcc_ll_sub_deix_hlix
   169                          	EXTERN ____sdcc_ll_sub_hlix_bc_deix
   170                          	EXTERN ____sdcc_ll_sub_hlix_deix_bc
   171                          	EXTERN ____sdcc_ll_sub_hlix_deix_bcix
   172                          	EXTERN ____sdcc_load_debc_deix
   173                          	EXTERN ____sdcc_load_dehl_deix
   174                          	EXTERN ____sdcc_load_debc_mhl
   175                          	EXTERN ____sdcc_load_hlde_mhl
   176                          	EXTERN ____sdcc_store_dehl_bcix
   177                          	EXTERN ____sdcc_store_debc_hlix
   178                          	EXTERN ____sdcc_store_debc_mhl
   179                          	EXTERN ____sdcc_cpu_pop_ei
   180                          	EXTERN ____sdcc_cpu_pop_ei_jp
   181                          	EXTERN ____sdcc_cpu_push_di
   182                          	EXTERN ____sdcc_outi
   183                          	EXTERN ____sdcc_outi_128
   184                          	EXTERN ____sdcc_outi_256
   185                          	EXTERN ____sdcc_ldi
   186                          	EXTERN ____sdcc_ldi_128
   187                          	EXTERN ____sdcc_ldi_256
   188                          	EXTERN ____sdcc_4_copy_srcd_hlix_dst_deix
   189                          	EXTERN ____sdcc_4_and_src_mbc_mhl_dst_deix
   190                          	EXTERN ____sdcc_4_or_src_mbc_mhl_dst_deix
   191                          	EXTERN ____sdcc_4_xor_src_mbc_mhl_dst_deix
   192                          	EXTERN ____sdcc_4_or_src_dehl_dst_bcix
   193                          	EXTERN ____sdcc_4_xor_src_dehl_dst_bcix
   194                          	EXTERN ____sdcc_4_and_src_dehl_dst_bcix
   195                          	EXTERN ____sdcc_4_xor_src_mbc_mhl_dst_debc
   196                          	EXTERN ____sdcc_4_or_src_mbc_mhl_dst_debc
   197                          	EXTERN ____sdcc_4_and_src_mbc_mhl_dst_debc
   198                          	EXTERN ____sdcc_4_cpl_src_mhl_dst_debc
   199                          	EXTERN ____sdcc_4_xor_src_debc_mhl_dst_debc
   200                          	EXTERN ____sdcc_4_or_src_debc_mhl_dst_debc
   201                          	EXTERN ____sdcc_4_and_src_debc_mhl_dst_debc
   202                          	EXTERN ____sdcc_4_and_src_debc_hlix_dst_debc
   203                          	EXTERN ____sdcc_4_or_src_debc_hlix_dst_debc
   204                          	EXTERN ____sdcc_4_xor_src_debc_hlix_dst_debc
   205                          
   206                          ;--------------------------------------------------------
   207                          ; Public variables in this module
   208                          ;--------------------------------------------------------
   209                          	GLOBAL _main
   210                          ;--------------------------------------------------------
   211                          ; Externals used
   212                          ;--------------------------------------------------------
   213                          ;--------------------------------------------------------
   214                          ; special function registers
   215                          ;--------------------------------------------------------
   216                          ;--------------------------------------------------------
   217                          ; ram data
   218                          ;--------------------------------------------------------
   219                          	SECTION bss_compiler
   220                          ;--------------------------------------------------------
   221                          ; ram data
   222                          ;--------------------------------------------------------
   223                          
   224                          IF 0
   225                          
   226                          ; .area _INITIALIZED removed by z88dk
   227                          
   228                          
   229                          ENDIF
   230                          
   231                          ;--------------------------------------------------------
   232                          ; absolute external ram data
   233                          ;--------------------------------------------------------
   234                          	SECTION IGNORE
   235                          ;--------------------------------------------------------
   236                          ; global & static initialisations
   237                          ;--------------------------------------------------------
   238                          	SECTION code_crt_init
   239                          ;--------------------------------------------------------
   240                          ; Home
   241                          ;--------------------------------------------------------
   242                          	SECTION code_home
   243                          ;--------------------------------------------------------
   244                          ; code
   245                          ;--------------------------------------------------------
   246                          	SECTION code_compiler
   247                          ;	genLabel
   248                          ;	genFunction
   249                          ;	---------------------------------
   250                          ; Function main
   251                          ; ---------------------------------
   252                          ;	Register assignment might be sub-optimal.
   253                          ; Stack space usage: 23 bytes.
   254                          _main:
   255  0000  cd0000            	call	___sdcc_enter_ix
   256                          ;	adjustStack by -23
   257  0003  21e9ff            	ld	hl, -23
   258  0006  39                	add	hl, sp
   259  0007  f9                	ld	sp, hl
   260                          ;	genAssign
   261                          ;	AOP_STK for _main_sloc0_1_0
   262                          ;	genMove_o size 1 result type 5 source type 1 hl_dead 1
   263  0008  dd36f900          	ld	(ix-7),0x00
   264                          ;	skipping iCode since result will be rematerialized
   265                          ;	genPointerSet
   266                          ;	genMove_o size 2 result type 5 source type 1 hl_dead 1
   267  000c  dd36ed05          	ld	(ix-19),0x05
   268  0010  af                	xor	a, a
   269  0011  dd77ee            	ld	(ix-18),a
   270                          ;	skipping iCode since result will be rematerialized
   271                          ;	genPointerSet
   272                          ;	genMove_o size 2 result type 5 source type 1 hl_dead 1
   273  0014  dd36ef03          	ld	(ix-17),0x03
   274  0018  af                	xor	a, a
   275  0019  dd77f0            	ld	(ix-16),a
   276                          ;	skipping iCode since result will be rematerialized
   277                          ;	genPointerSet
   278                          ;	genMove_o size 2 result type 5 source type 1 hl_dead 1
   279  001c  dd36f108          	ld	(ix-15),0x08
   280  0020  af                	xor	a, a
   281  0021  dd77f2            	ld	(ix-14),a
   282                          ;	skipping iCode since result will be rematerialized
   283                          ;	genPointerSet
   284                          ;	genMove_o size 2 result type 5 source type 1 hl_dead 1
   285  0024  dd36f301          	ld	(ix-13),0x01
   286  0028  af                	xor	a, a
   287  0029  dd77f4            	ld	(ix-12),a
   288                          ;	skipping iCode since result will be rematerialized
   289                          ;	genPointerSet
   290                          ;	genMove_o size 2 result type 5 source type 1 hl_dead 1
   291  002c  dd36f509          	ld	(ix-11),0x09
   292  0030  af                	xor	a, a
   293  0031  dd77f6            	ld	(ix-10),a
   294                          ;	skipping iCode since result will be rematerialized
   295                          ;	genPointerSet
   296                          ;	genMove_o size 2 result type 5 source type 1 hl_dead 1
   297  0034  dd36f702          	ld	(ix-9),0x02
   298  0038  af                	xor	a, a
   299  0039  dd77f8            	ld	(ix-8),a
   300                          ;	genAssign
   301                          ;	AOP_STK for _main_sloc1_1_0
   302                          ;	genMove_o size 1 result type 5 source type 1 hl_dead 1
   303  003c  dd36fe00          	ld	(ix-2),0x00
   304                          ;	genLabel
   305                          l_main_00194:
   306                          ;	genCmpLt
   307                          ;	AOP_STK for _main_sloc1_1_0
   308  0040  dd7efe            	ld	a,(ix-2)
   309  0043  d605              	sub	a,0x05
   310  0045  d2cb00            	jp	NC, l_main_00104
   311                          ;	skipping generated iCode
   312                          ;	genAssign
   313                          ;	AOP_STK for _main_sloc2_1_0
   314                          ;	genMove_o size 1 result type 5 source type 1 hl_dead 1
   315  0048  dd36ff00          	ld	(ix-1),0x00
   316                          ;	genLabel
   317                          l_main_00191:
   318                          ;	genCast
   319                          ;	AOP_STK for _main_sloc1_1_0
   320                          ;	genMove_o size 1 result type 2 source type 5 hl_dead 1
   321  004c  dd4efe            	ld	c,(ix-2)
   322                          ;	genMove_o size 0 result type 2 source type 1 hl_dead 1
   323                          ;	genMove_o size 1 result type 2 source type 1 hl_dead 1
   324                          ;	genMinus
   325                          ;	genMove_o size 2 result type 2 source type 1 hl_dead 1
   326  004f  af                	xor	a,a
   327  0050  47                	ld	b,a
   328                          ; peephole z88dk-606ag1
   329  0051  210500            	ld	hl,0x0005
   330                          ; peephole z88dk-478b1
   331  0054  ed42              	sbc	hl,bc
   332                          ; peephole z88dk-420a
   333                          ;	genMove_o size 2 result type 2 source type 2 hl_dead 1
   334                          ;	genCast
   335                          ;	AOP_STK for _main_sloc2_1_0
   336                          ;	genMove_o size 1 result type 2 source type 5 hl_dead 0
   337  0056  dd5eff            	ld	e,(ix-1)
   338                          ;	genMove_o size 0 result type 2 source type 1 hl_dead 0
   339                          ;	genMove_o size 1 result type 2 source type 1 hl_dead 0
   340  0059  1600              	ld	d,0x00
   341                          ;	genCmpLt
   342  005b  7b                	ld	a, e
   343  005c  95                	sub	a, l
   344  005d  3066              	jr	NC,l_main_00195
   345                          ; peephole 157 changed absolute to relative conditional jump.
   346                          ;	skipping generated iCode
   347                          ;	skipping iCode since result will be rematerialized
   348                          ;	genLeftShift
   349                          ;	AOP_STK for _main_sloc3_1_0
   350  005f  eb                	ex	de, hl
   351  0060  29                	add	hl, hl
   352  0061  eb                	ex	de, hl
   353                          ;	genMove_o size 2 result type 5 source type 2 hl_dead 1
   354                          ;	genMove_o size 0 result type 5 source type 1 hl_dead 1
   355                          ;	genPlus
   356                          ;	AOP_STK for _main_sloc3_1_0
   357                          ;	genMove_o size 2 result type 2 source type 5 hl_dead 1
   358  0062  dd73fa            	ld	(ix-6),e
   359  0065  dd72fb            	ld	(ix-5),d
   360                          ; peephole z88dk-55
   361                          ;	genMove_o size 0 result type 2 source type 1 hl_dead 1
   362                          ;	genMove_o size 2 result type 2 source type 7 hl_dead 1
   363  0068  210400            	ld	hl,4
   364  006b  39                	add	hl, sp
   365                          ;	genMove_o size 2 result type 2 source type 2 hl_dead 1
   366  006c  19                	add	hl, de
   367                          ;	genMove_o size 2 result type 2 source type 2 hl_dead 1
   368                          ;	genPointerGet
   369                          ;fetchPairLong
   370                          ;	_moveFrom_tpair_()
   371  006d  5e                	ld	e, (hl)
   372  006e  23                	inc	hl
   373                          ;	_moveFrom_tpair_()
   374  006f  56                	ld	d, (hl)
   375                          ;	skipping iCode since result will be rematerialized
   376                          ;	genCast
   377                          ;	AOP_STK for _main_sloc2_1_0
   378                          ;	genMove_o size 1 result type 2 source type 5 hl_dead 1
   379  0070  dd7eff            	ld	a,(ix-1)
   380                          ;	genMove_o size 0 result type 2 source type 1 hl_dead 1
   381                          ;	genPlus
   382  0073  3c                	inc	a
   383                          ;	genCast
   384                          ;	genMove_o size 0 result type 2 source type 2 hl_dead 1
   385                          ;	genMove_o size 1 result type 2 source type 2 hl_dead 0
   386  0074  6f                	ld	l, a
   387  0075  07                	rlca
   388  0076  9f                	sbc	a, a
   389  0077  67                	ld	h, a
   390                          ;	genLeftShift
   391  0078  29                	add	hl, hl
   392                          ;fetchPairLong
   393  0079  4d                	ld	c, l
   394  007a  44                	ld	b, h
   395                          ;	genPlus
   396                          ;	genMove_o size 2 result type 2 source type 7 hl_dead 1
   397  007b  210400            	ld	hl,4
   398  007e  39                	add	hl, sp
   399                          ;	genMove_o size 2 result type 2 source type 2 hl_dead 1
   400  007f  09                	add	hl, bc
   401                          ;	genPointerGet
   402                          ;fetchPairLong
   403  0080  7e                	ld	a, (hl)
   404  0081  23                	inc	hl
   405  0082  66                	ld	h, (hl)
   406  0083  6f                	ld	l, a
   407                          ;	genCmpGt
   408  0084  af                	xor	a, a
   409  0085  ed52              	sbc	hl, de
   410  0087  3037              	jr	NC,l_main_00192
   411                          ; peephole 157 changed absolute to relative conditional jump.
   412                          ;	skipping generated iCode
   413                          ;	skipping iCode since result will be rematerialized
   414                          ;	genPlus
   415                          ;	AOP_STK for _main_sloc3_1_0
   416                          ;	genMove_o size 2 result type 2 source type 5 hl_dead 1
   417  0089  dd5efa            	ld	e,(ix-6)
   418  008c  dd56fb            	ld	d,(ix-5)
   419                          ;	genMove_o size 0 result type 2 source type 1 hl_dead 1
   420                          ;	genMove_o size 2 result type 2 source type 7 hl_dead 1
   421  008f  210400            	ld	hl,4
   422  0092  39                	add	hl, sp
   423                          ;	genMove_o size 2 result type 2 source type 2 hl_dead 1
   424  0093  19                	add	hl, de
   425                          ;	genMove_o size 2 result type 2 source type 2 hl_dead 1
   426                          ;	genPointerGet
   427                          ;	AOP_STK for _main_sloc4_1_0
   428                          ;fetchPairLong
   429                          ;	_moveFrom_tpair_()
   430                          ;	_moveFrom_tpair_()
   431  0094  11fcff            	ld	de,-4
   432  0097  cd0000            	call	____sdcc_2_copy_src_mhl_dst_deix
   433                          ; peephole z88dk-code-reduction-500a
   434                          ;	skipping iCode since result will be rematerialized
   435                          ;	genPlus
   436                          ;	AOP_STK for _main_sloc3_1_0
   437                          ;	genMove_o size 2 result type 2 source type 5 hl_dead 1
   438  009a  dd5efa            	ld	e,(ix-6)
   439  009d  dd56fb            	ld	d,(ix-5)
   440                          ;	genMove_o size 0 result type 2 source type 1 hl_dead 1
   441                          ;	genMove_o size 2 result type 2 source type 7 hl_dead 1
   442  00a0  210400            	ld	hl,4
   443  00a3  39                	add	hl, sp
   444                          ;	genMove_o size 2 result type 2 source type 2 hl_dead 1
   445  00a4  19                	add	hl, de
   446                          ;	genMove_o size 2 result type 2 source type 2 hl_dead 1
   447  00a5  eb                	ex	de, hl
   448                          ;	genMove_o size 0 result type 2 source type 1 hl_dead 1
   449                          ;	skipping iCode since result will be rematerialized
   450                          ;	genPlus
   451                          ;	genMove_o size 2 result type 2 source type 7 hl_dead 1
   452  00a6  210400            	ld	hl,4
   453  00a9  39                	add	hl, sp
   454                          ;	genMove_o size 2 result type 2 source type 2 hl_dead 1
   455  00aa  09                	add	hl, bc
   456                          ;	genPointerGet
   457                          ;fetchPairLong
   458  00ab  7e                	ld	a, (hl)
   459  00ac  23                	inc	hl
   460  00ad  66                	ld	h, (hl)
   461                          ;	genPointerSet
   462                          ;	genMove_o size 2 result type 2 source type 2 hl_dead 0
   463                          ;	genMove_o size 1 result type 2 source type 2 hl_dead 0
   464                          ; peephole 9 loaded a from a directly instead of going through l.
   465                          ;	genMove_o size 0 result type 2 source type 1 hl_dead 0
   466                          ; peephole 9 loaded (de) from a directly instead of going through a.
   467  00ae  12                	ld	(de), a
   468  00af  13                	inc	de
   469                          ;	genMove_o size 1 result type 2 source type 2 hl_dead 0
   470  00b0  7c                	ld	a, h
   471                          ;	genMove_o size 0 result type 2 source type 1 hl_dead 0
   472  00b1  12                	ld	(de), a
   473                          ;	skipping iCode since result will be rematerialized
   474                          ;	genPlus
   475                          ;	genMove_o size 2 result type 2 source type 7 hl_dead 1
   476  00b2  210400            	ld	hl,4
   477  00b5  39                	add	hl, sp
   478                          ;	genMove_o size 2 result type 2 source type 2 hl_dead 1
   479  00b6  09                	add	hl, bc
   480                          ;	genPointerSet
   481                          ;	AOP_STK for _main_sloc4_1_0
   482                          ;	genMove_o size 2 result type 2 source type 2 hl_dead 1
   483                          ;	genMove_o size 1 result type 2 source type 5 hl_dead 0
   484  00b7  dd7efc            	ld	a,(ix-4)
   485                          ;	genMove_o size 0 result type 2 source type 1 hl_dead 0
   486  00ba  77                	ld	(hl), a
   487  00bb  23                	inc	hl
   488                          ;	genMove_o size 1 result type 2 source type 5 hl_dead 0
   489  00bc  dd7efd            	ld	a,(ix-3)
   490                          ;	genMove_o size 0 result type 2 source type 1 hl_dead 0
   491  00bf  77                	ld	(hl), a
   492                          ;	genLabel
   493                          l_main_00192:
   494                          ;	genPlus
   495                          ;	AOP_STK for _main_sloc2_1_0
   496  00c0  dd34ff            	inc	(ix-1)
   497                          ;	genGoto
   498  00c3  1887              	jr	l_main_00191
   499                          ; peephole 153 changed absolute to relative unconditional jump.
   500                          ;	genLabel
   501                          l_main_00195:
   502                          ;	genPlus
   503                          ;	AOP_STK for _main_sloc1_1_0
   504  00c5  dd34fe            	inc	(ix-2)
   505                          ;	genGoto
   506  00c8  c34000            	jp	l_main_00194
   507                          ;	genLabel
   508                          l_main_00104:
   509                          ;	genAssign
   510                          ;	genMove_o size 1 result type 2 source type 1 hl_dead 1
   511                          ;	genAssign
   512                          ;	genMove_o size 1 result type 2 source type 1 hl_dead 1
   513  00cb  010001            	ld	bc,0x0100
   514                          ; peephole 69a combined constant loads into register pair.
   515                          ;	genLabel
   516                          l_main_00197:
   517                          ;	genCmpLt
   518  00ce  79                	ld	a, c
   519  00cf  d605              	sub	a,0x05
   520  00d1  3032              	jr	NC,l_main_00107
   521                          ; peephole 157 changed absolute to relative conditional jump.
   522                          ;	skipping generated iCode
   523                          ;	genAddrOf
   524  00d3  210400            	ld	hl,4
   525  00d6  39                	add	hl, sp
   526                          ;	genCast
   527                          ;	genMove_o size 1 result type 2 source type 2 hl_dead 1
   528  00d7  59                	ld	e,c
   529                          ; peephole z88dk-606v2
   530                          ;	genMove_o size 0 result type 2 source type 1 hl_dead 0
   531                          ;	genMove_o size 1 result type 2 source type 1 hl_dead 0
   532  00d8  1600              	ld	d,0x00
   533  00da  eb                	ex	de,hl
   534                          ; peephole z88dk-606v1
   535                          ;	genLeftShift
   536  00db  29                	add	hl, hl
   537                          ;fetchPairLong
   538                          ;	genPlus
   539  00dc  19                	add	hl, de
   540                          ;	genPointerGet
   541                          ;	AOP_STK for _main_sloc5_1_0
   542                          ;fetchPairLong
   543                          ;	_moveFrom_tpair_()
   544  00dd  7e                	ld	a, (hl)
   545  00de  dd77fe            	ld	(ix-2),a
   546  00e1  23                	inc	hl
   547                          ;	_moveFrom_tpair_()
   548  00e2  7e                	ld	a, (hl)
   549  00e3  dd77ff            	ld	(ix-1),a
   550                          ;	genAddrOf
   551  00e6  210400            	ld	hl,4
   552  00e9  39                	add	hl, sp
   553                          ;	genCast
   554                          ;	genMove_o size 1 result type 2 source type 2 hl_dead 1
   555  00ea  79                	ld	a,c
   556                          ; peephole z88dk-603m
   557                          ;	genMove_o size 0 result type 2 source type 1 hl_dead 1
   558                          ;	genPlus
   559  00eb  3c                	inc	a
   560                          ; peephole z88dk-340c
   561                          ;	genCast
   562                          ;	genMove_o size 0 result type 2 source type 2 hl_dead 1
   563                          ;	genMove_o size 1 result type 2 source type 2 hl_dead 0
   564  00ec  5f                	ld	e,a
   565  00ed  eb                	ex	de,hl
   566                          ; peephole z88dk-606v2
   567  00ee  07                	rlca
   568  00ef  9f                	sbc	a, a
   569                          ;	genLeftShift
   570                          ;	genMove_o size 2 result type 2 source type 2 hl_dead 1
   571  00f0  67                	ld	h, a
   572                          ;	genMove_o size 0 result type 2 source type 1 hl_dead 1
   573  00f1  29                	add	hl, hl
   574                          ;	genPlus
   575  00f2  19                	add	hl, de
   576                          ;	genPointerGet
   577                          ;fetchPairLong
   578                          ;	_moveFrom_tpair_()
   579                          ;	_moveFrom_tpair_()
   580                          ;	genCmpGt
   581                          ;	AOP_STK for _main_sloc5_1_0
   582  00f3  7e                	ld	a,(hl)
   583  00f4  23                	inc	hl
   584  00f5  56                	ld	d,(hl)
   585  00f6  5f                	ld	e,a
   586                          ; peephole z88dk-408b
   587  00f7  dd96fe            	sub	a,(ix-2)
   588  00fa  7a                	ld	a, d
   589  00fb  dd9eff            	sbc	a,(ix-1)
   590  00fe  3002              	jr	NC,l_main_00198
   591                          ; peephole 157 changed absolute to relative conditional jump.
   592                          ;	skipping generated iCode
   593                          ;	genAssign
   594                          ;	genMove_o size 1 result type 2 source type 1 hl_dead 1
   595  0100  0600              	ld	b,0x00
   596                          ;	genLabel
   597                          l_main_00198:
   598                          ;	genPlus
   599  0102  0c                	inc	c
   600                          ;	genGoto
   601  0103  18c9              	jr	l_main_00197
   602                          ; peephole 153 changed absolute to relative unconditional jump.
   603                          ;	genLabel
   604                          l_main_00107:
   605                          ;	genIfx
   606  0105  78                	ld	a, b
   607  0106  b7                	or	a, a
   608  0107  2819              	jr	Z,l_main_00109
   609                          ; peephole 154 changed absolute to relative conditional jump.
   610                          ;	skipping iCode since result will be rematerialized
   611                          ;	genPointerGet
   612                          ;	genMove_o size 2 result type 2 source type 5 hl_dead 1
   613                          ;	genMove_o size 0 result type 2 source type 1 hl_dead 1
   614                          ;	genCast
   615                          ;	(locations are the same)
   616                          ;	genCmpEq
   617                          ; peephole 13 loaded -19 (ix) into a directly instead of going through c.
   618  0109  dd46ee            	ld	b,(ix-18)
   619  010c  dd7eed            	ld	a,(ix-19)
   620                          ; peephole z88dk-75c
   621  010f  3d                	dec	a
   622  0110  b0                	or	a, b
   623                          ; peephole 62 removed jp by using inverse jump logic
   624                          ; peephole 149 removed unused label l_main_00668$.
   625  0111  200f              	jr	NZ,l_main_00109
   626                          ; peephole 155 changed absolute to relative conditional jump.
   627                          ; peephole 63 removed jp by using inverse jump logic
   628                          ; peephole 149 removed unused label l_main_00669$.
   629                          ;	skipping generated iCode
   630                          ;	skipping iCode since result will be rematerialized
   631                          ;	genPointerGet
   632                          ;	genMove_o size 2 result type 2 source type 5 hl_dead 1
   633                          ;	genMove_o size 0 result type 2 source type 1 hl_dead 1
   634                          ;	genCast
   635                          ;	(locations are the same)
   636                          ;	genCmpEq
   637                          ; peephole 13 loaded -9 (ix) into a directly instead of going through c.
   638  0113  dd46f8            	ld	b,(ix-8)
   639  0116  dd7ef7            	ld	a,(ix-9)
   640                          ; peephole z88dk-75c
   641  0119  d609              	sub	a,0x09
   642  011b  b0                	or	a, b
   643                          ; peephole 62 removed jp by using inverse jump logic
   644                          ; peephole 149 removed unused label l_main_00670$.
   645  011c  2004              	jr	NZ,l_main_00109
   646                          ; peephole 155 changed absolute to relative conditional jump.
   647                          ; peephole 63 removed jp by using inverse jump logic
   648                          ; peephole 149 removed unused label l_main_00671$.
   649                          ;	skipping generated iCode
   650                          ;	genAssign
   651                          ;	AOP_STK for _main_sloc0_1_0
   652                          ;	genMove_o size 1 result type 5 source type 1 hl_dead 1
   653  011e  dd36f901          	ld	(ix-7),0x01
   654                          ;	genLabel
   655                          l_main_00109:
   656                          ;	skipping iCode since result will be rematerialized
   657                          ;	genPointerSet
   658                          ;	genMove_o size 2 result type 5 source type 1 hl_dead 1
   659  0122  dd36ef04          	ld	(ix-17),0x04
   660  0126  af                	xor	a, a
   661  0127  dd77f0            	ld	(ix-16),a
   662                          ;	skipping iCode since result will be rematerialized
   663                          ;	genPointerSet
   664                          ;	genMove_o size 2 result type 5 source type 1 hl_dead 1
   665  012a  dd36f102          	ld	(ix-15),0x02
   666  012e  af                	xor	a, a
   667  012f  dd77f2            	ld	(ix-14),a
   668                          ;	skipping iCode since result will be rematerialized
   669                          ;	genPointerSet
   670                          ;	genMove_o size 2 result type 5 source type 1 hl_dead 1
   671  0132  dd36f307          	ld	(ix-13),0x07
   672  0136  af                	xor	a, a
   673  0137  dd77f4            	ld	(ix-12),a
   674                          ;	skipping iCode since result will be rematerialized
   675                          ;	genPointerSet
   676                          ;	genMove_o size 2 result type 5 source type 1 hl_dead 1
   677  013a  dd36f501          	ld	(ix-11),0x01
   678  013e  af                	xor	a, a
   679  013f  dd77f6            	ld	(ix-10),a
   680                          ;	skipping iCode since result will be rematerialized
   681                          ;	genPointerSet
   682                          ;	genMove_o size 2 result type 5 source type 1 hl_dead 1
   683  0142  dd36f703          	ld	(ix-9),0x03
   684  0146  af                	xor	a, a
   685  0147  dd77f8            	ld	(ix-8),a
   686                          ;	genAssign
   687                          ;	AOP_STK for _main_sloc6_1_0
   688                          ;	genMove_o size 1 result type 5 source type 1 hl_dead 1
   689  014a  dd36fe01          	ld	(ix-2),0x01
   690                          ;	genLabel
   691                          l_main_00200:
   692                          ;	genCmpLt
   693                          ;	AOP_STK for _main_sloc6_1_0
   694  014e  dd7efe            	ld	a,(ix-2)
   695  0151  d605              	sub	a,0x05
   696  0153  3070              	jr	NC,l_main_00116
   697                          ; peephole 157 changed absolute to relative conditional jump.
   698                          ;	skipping generated iCode
   699                          ;	genAddrOf
   700  0155  210600            	ld	hl,6
   701  0158  39                	add	hl, sp
   702  0159  eb                	ex	de, hl
   703                          ;	genCast
   704                          ;	AOP_STK for _main_sloc6_1_0
   705                          ;	genMove_o size 1 result type 2 source type 5 hl_dead 1
   706  015a  dd6efe            	ld	l,(ix-2)
   707                          ;	genMove_o size 0 result type 2 source type 1 hl_dead 0
   708                          ;	genMove_o size 1 result type 2 source type 1 hl_dead 0
   709  015d  2600              	ld	h,0x00
   710                          ;	genLeftShift
   711  015f  29                	add	hl, hl
   712                          ;fetchPairLong
   713                          ;	genPlus
   714  0160  19                	add	hl, de
   715                          ;	genPointerGet
   716                          ;	AOP_STK for _main_sloc7_1_0
   717                          ;fetchPairLong
   718                          ;	_moveFrom_tpair_()
   719                          ;	_moveFrom_tpair_()
   720  0161  01fcff            	ld	bc,-4
   721  0164  cd0000            	call	____sdcc_2_copy_src_mhl_dst_bcix
   722                          ; peephole z88dk-code-reduction-500b
   723                          ;	genAssign
   724                          ;	AOP_STK for _main_sloc6_1_0
   725                          ;	AOP_STK for _main_sloc8_1_0
   726                          ;	genMove_o size 1 result type 5 source type 5 hl_dead 1
   727  0167  dd7efe            	ld	a,(ix-2)
   728  016a  dd77ff            	ld	(ix-1),a
   729                          ;	genMove_o size 0 result type 5 source type 1 hl_dead 1
   730                          ;	genLabel
   731                          l_main_00113:
   732                          ;	genIfx
   733                          ;	AOP_STK for _main_sloc8_1_0
   734                          ;	skipping iCode since result will be rematerialized
   735                          ;	genCast
   736                          ;	AOP_STK for _main_sloc8_1_0
   737                          ;	genMove_o size 1 result type 2 source type 5 hl_dead 1
   738  016d  dd7eff            	ld	a,(ix-1)
   739  0170  b7                	or	a, a
   740  0171  2838              	jr	Z,l_main_00115
   741                          ; peephole 154 changed absolute to relative conditional jump.
   742                          ; peephole z88dk-337a
   743                          ;	genMove_o size 0 result type 2 source type 1 hl_dead 1
   744                          ;	genMinus
   745  0173  3d                	dec	a
   746                          ;	genCast
   747                          ;	genMove_o size 0 result type 2 source type 2 hl_dead 1
   748                          ;	genMove_o size 1 result type 2 source type 2 hl_dead 0
   749  0174  6f                	ld	l, a
   750  0175  07                	rlca
   751  0176  9f                	sbc	a, a
   752  0177  67                	ld	h, a
   753                          ;	genLeftShift
   754  0178  29                	add	hl, hl
   755                          ;fetchPairLong
   756  0179  4d                	ld	c, l
   757  017a  44                	ld	b, h
   758                          ;	genPlus
   759                          ;	genMove_o size 2 result type 2 source type 7 hl_dead 1
   760  017b  210600            	ld	hl,6
   761  017e  39                	add	hl, sp
   762                          ;	genMove_o size 2 result type 2 source type 2 hl_dead 1
   763  017f  09                	add	hl, bc
   764                          ;	genPointerGet
   765                          ;fetchPairLong
   766                          ;	_moveFrom_tpair_()
   767  0180  5e                	ld	e, (hl)
   768  0181  23                	inc	hl
   769                          ;	_moveFrom_tpair_()
   770  0182  56                	ld	d, (hl)
   771                          ;	genCmpGt
   772                          ;	AOP_STK for _main_sloc7_1_0
   773  0183  dd7efc            	ld	a,(ix-4)
   774  0186  93                	sub	a, e
   775  0187  dd7efd            	ld	a,(ix-3)
   776  018a  9a                	sbc	a, d
   777  018b  301e              	jr	NC,l_main_00115
   778                          ; peephole 157 changed absolute to relative conditional jump.
   779                          ;	skipping generated iCode
   780                          ;	genAddrOf
   781  018d  210600            	ld	hl,6
   782  0190  39                	add	hl, sp
   783  0191  eb                	ex	de, hl
   784                          ;	genCast
   785                          ;	AOP_STK for _main_sloc8_1_0
   786                          ;	genMove_o size 1 result type 2 source type 5 hl_dead 1
   787  0192  dd6eff            	ld	l,(ix-1)
   788                          ;	genMove_o size 0 result type 2 source type 1 hl_dead 0
   789                          ;	genMove_o size 1 result type 2 source type 1 hl_dead 0
   790  0195  2600              	ld	h,0x00
   791                          ;	genLeftShift
   792  0197  29                	add	hl, hl
   793                          ;fetchPairLong
   794                          ;	genPlus
   795  0198  19                	add	hl, de
   796                          ;	genMove_o size 2 result type 2 source type 2 hl_dead 1
   797  0199  eb                	ex	de, hl
   798                          ;	genMove_o size 0 result type 2 source type 1 hl_dead 1
   799                          ;	skipping iCode since result will be rematerialized
   800                          ;	genPlus
   801                          ;	genMove_o size 2 result type 2 source type 7 hl_dead 1
   802  019a  210600            	ld	hl,6
   803  019d  39                	add	hl, sp
   804                          ;	genMove_o size 2 result type 2 source type 2 hl_dead 1
   805  019e  09                	add	hl, bc
   806                          ;	genPointerGet
   807                          ;fetchPairLong
   808                          ;	_moveFrom_tpair_()
   809                          ;	_moveFrom_tpair_()
   810                          ;	genPointerSet
   811                          ;	genMove_o size 2 result type 2 source type 2 hl_dead 1
   812                          ;	genMove_o size 1 result type 2 source type 2 hl_dead 1
   813  019f  7e                	ld	a,(hl)
   814  01a0  23                	inc	hl
   815  01a1  46                	ld	b,(hl)
   816                          ; peephole 1 removed dead load from a into c.
   817                          ; peephole z88dk-408a
   818                          ;	genMove_o size 0 result type 2 source type 1 hl_dead 1
   819  01a2  12                	ld	(de), a
   820  01a3  13                	inc	de
   821                          ;	genMove_o size 1 result type 2 source type 2 hl_dead 1
   822  01a4  78                	ld	a, b
   823                          ;	genMove_o size 0 result type 2 source type 1 hl_dead 1
   824  01a5  12                	ld	(de), a
   825                          ;	genMinus
   826                          ;	AOP_STK for _main_sloc8_1_0
   827  01a6  dd35ff            	dec	(ix-1)
   828                          ;	genGoto
   829  01a9  18c2              	jr	l_main_00113
   830                          ; peephole 153 changed absolute to relative unconditional jump.
   831                          ;	genLabel
   832                          l_main_00115:
   833                          ;	genAddrOf
   834  01ab  210600            	ld	hl,6
   835  01ae  39                	add	hl, sp
   836  01af  eb                	ex	de, hl
   837                          ;	genCast
   838                          ;	AOP_STK for _main_sloc8_1_0
   839                          ;	genMove_o size 1 result type 2 source type 5 hl_dead 1
   840  01b0  dd6eff            	ld	l,(ix-1)
   841                          ;	genMove_o size 0 result type 2 source type 1 hl_dead 0
   842                          ;	genMove_o size 1 result type 2 source type 1 hl_dead 0
   843  01b3  2600              	ld	h,0x00
   844                          ;	genLeftShift
   845  01b5  29                	add	hl, hl
   846                          ;fetchPairLong
   847                          ;	genPlus
   848  01b6  19                	add	hl, de
   849                          ;	genPointerSet
   850                          ;	AOP_STK for _main_sloc7_1_0
   851                          ;	genMove_o size 2 result type 2 source type 2 hl_dead 1
   852                          ;	genMove_o size 1 result type 2 source type 5 hl_dead 0
   853  01b7  dd7efc            	ld	a,(ix-4)
   854                          ;	genMove_o size 0 result type 2 source type 1 hl_dead 0
   855  01ba  77                	ld	(hl), a
   856  01bb  23                	inc	hl
   857                          ;	genMove_o size 1 result type 2 source type 5 hl_dead 0
   858  01bc  dd7efd            	ld	a,(ix-3)
   859                          ;	genMove_o size 0 result type 2 source type 1 hl_dead 0
   860  01bf  77                	ld	(hl), a
   861                          ;	genPlus
   862                          ;	AOP_STK for _main_sloc6_1_0
   863  01c0  dd34fe            	inc	(ix-2)
   864                          ;	genGoto
   865  01c3  1889              	jr	l_main_00200
   866                          ; peephole 153 changed absolute to relative unconditional jump.
   867                          ;	genLabel
   868                          l_main_00116:
   869                          ;	genAssign
   870                          ;	genMove_o size 1 result type 2 source type 1 hl_dead 1
   871                          ;	genAssign
   872                          ;	genMove_o size 1 result type 2 source type 1 hl_dead 1
   873  01c5  010001            	ld	bc,0x0100
   874                          ; peephole 69a combined constant loads into register pair.
   875                          ;	genLabel
   876                          l_main_00203:
   877                          ;	genCmpLt
   878  01c8  79                	ld	a, c
   879  01c9  d604              	sub	a,0x04
   880  01cb  3031              	jr	NC,l_main_00119
   881                          ; peephole 157 changed absolute to relative conditional jump.
   882                          ;	skipping generated iCode
   883                          ;	genAddrOf
   884  01cd  210600            	ld	hl,6
   885  01d0  39                	add	hl, sp
   886                          ;	genCast
   887                          ;	genMove_o size 1 result type 2 source type 2 hl_dead 1
   888  01d1  59                	ld	e,c
   889                          ; peephole z88dk-606v2
   890                          ;	genMove_o size 0 result type 2 source type 1 hl_dead 0
   891                          ;	genMove_o size 1 result type 2 source type 1 hl_dead 0
   892  01d2  1600              	ld	d,0x00
   893  01d4  eb                	ex	de,hl
   894                          ; peephole z88dk-606v1
   895                          ;	genLeftShift
   896  01d5  29                	add	hl, hl
   897                          ;fetchPairLong
   898                          ;	genPlus
   899  01d6  19                	add	hl, de
   900                          ;	genPointerGet
   901                          ;	AOP_STK for _main_sloc9_1_0
   902                          ;fetchPairLong
   903                          ;	_moveFrom_tpair_()
   904  01d7  7e                	ld	a, (hl)
   905  01d8  dd77fe            	ld	(ix-2),a
   906  01db  23                	inc	hl
   907                          ;	_moveFrom_tpair_()
   908  01dc  7e                	ld	a, (hl)
   909  01dd  dd77ff            	ld	(ix-1),a
   910                          ;	genAddrOf
   911  01e0  210600            	ld	hl,6
   912  01e3  39                	add	hl, sp
   913                          ;	genCast
   914                          ;	genMove_o size 1 result type 2 source type 2 hl_dead 1
   915  01e4  79                	ld	a,c
   916                          ; peephole z88dk-603m
   917                          ;	genMove_o size 0 result type 2 source type 1 hl_dead 1
   918                          ;	genPlus
   919  01e5  3c                	inc	a
   920                          ; peephole z88dk-340c
   921                          ;	genCast
   922                          ;	genMove_o size 0 result type 2 source type 2 hl_dead 1
   923                          ;	genMove_o size 1 result type 2 source type 2 hl_dead 0
   924  01e6  5f                	ld	e,a
   925  01e7  eb                	ex	de,hl
   926                          ; peephole z88dk-606v2
   927  01e8  07                	rlca
   928  01e9  9f                	sbc	a, a
   929                          ;	genLeftShift
   930                          ;	genMove_o size 2 result type 2 source type 2 hl_dead 1
   931  01ea  67                	ld	h, a
   932                          ;	genMove_o size 0 result type 2 source type 1 hl_dead 1
   933  01eb  29                	add	hl, hl
   934                          ;	genPlus
   935  01ec  19                	add	hl, de
   936                          ;	genPointerGet
   937                          ;fetchPairLong
   938                          ;	_moveFrom_tpair_()
   939                          ;	_moveFrom_tpair_()
   940                          ;	genCmpGt
   941                          ;	AOP_STK for _main_sloc9_1_0
   942  01ed  7e                	ld	a,(hl)
   943  01ee  23                	inc	hl
   944  01ef  56                	ld	d,(hl)
   945                          ; peephole 1 removed dead load from a into e.
   946                          ; peephole z88dk-408b
   947  01f0  dd96fe            	sub	a,(ix-2)
   948  01f3  7a                	ld	a, d
   949  01f4  dd9eff            	sbc	a,(ix-1)
   950  01f7  3002              	jr	NC,l_main_00204
   951                          ; peephole 157 changed absolute to relative conditional jump.
   952                          ;	skipping generated iCode
   953                          ;	genAssign
   954                          ;	genMove_o size 1 result type 2 source type 1 hl_dead 1
   955  01f9  0600              	ld	b,0x00
   956                          ;	genLabel
   957                          l_main_00204:
   958                          ;	genPlus
   959  01fb  0c                	inc	c
   960                          ;	genGoto
   961  01fc  18ca              	jr	l_main_00203
   962                          ; peephole 153 changed absolute to relative unconditional jump.
   963                          ;	genLabel
   964                          l_main_00119:
   965                          ;	genIfx
   966  01fe  78                	ld	a, b
   967  01ff  b7                	or	a, a
   968  0200  2819              	jr	Z,l_main_00121
   969                          ; peephole 154 changed absolute to relative conditional jump.
   970                          ;	skipping iCode since result will be rematerialized
   971                          ;	genPointerGet
   972                          ;	genMove_o size 2 result type 2 source type 5 hl_dead 1
   973                          ;	genMove_o size 0 result type 2 source type 1 hl_dead 1
   974                          ;	genCast
   975                          ;	(locations are the same)
   976                          ;	genCmpEq
   977                          ; peephole 13 loaded -17 (ix) into a directly instead of going through c.
   978  0202  dd46f0            	ld	b,(ix-16)
   979  0205  dd7eef            	ld	a,(ix-17)
   980                          ; peephole z88dk-75c
   981  0208  3d                	dec	a
   982  0209  b0                	or	a, b
   983                          ; peephole 62 removed jp by using inverse jump logic
   984                          ; peephole 149 removed unused label l_main_00672$.
   985  020a  200f              	jr	NZ,l_main_00121
   986                          ; peephole 155 changed absolute to relative conditional jump.
   987                          ; peephole 63 removed jp by using inverse jump logic
   988                          ; peephole 149 removed unused label l_main_00673$.
   989                          ;	skipping generated iCode
   990                          ;	skipping iCode since result will be rematerialized
   991                          ;	genPointerGet
   992                          ;	genMove_o size 2 result type 2 source type 5 hl_dead 1
   993                          ;	genMove_o size 0 result type 2 source type 1 hl_dead 1
   994                          ;	genCast
   995                          ;	(locations are the same)
   996                          ;	genCmpEq
   997                          ; peephole 13 loaded -9 (ix) into a directly instead of going through c.
   998  020c  dd46f8            	ld	b,(ix-8)
   999  020f  dd7ef7            	ld	a,(ix-9)
  1000                          ; peephole z88dk-75c
  1001  0212  d607              	sub	a,0x07
  1002  0214  b0                	or	a, b
  1003                          ; peephole 62 removed jp by using inverse jump logic
  1004                          ; peephole 149 removed unused label l_main_00674$.
  1005  0215  2004              	jr	NZ,l_main_00121
  1006                          ; peephole 155 changed absolute to relative conditional jump.
  1007                          ; peephole 63 removed jp by using inverse jump logic
  1008                          ; peephole 149 removed unused label l_main_00675$.
  1009                          ;	skipping generated iCode
  1010                          ;	genCast
  1011                          ;	AOP_STK for _main_sloc0_1_0
  1012                          ;	genMove_o size 1 result type 2 source type 5 hl_dead 1
  1013                          ;	genMove_o size 0 result type 2 source type 1 hl_dead 1
  1014                          ;	genOr
  1015                          ;	genCast
  1016                          ;	(locations are the same)
  1017                          ;	genCast
  1018                          ;	AOP_STK for _main_sloc0_1_0
  1019                          ;	genMove_o size 1 result type 5 source type 2 hl_dead 1
  1020                          ; peephole 55 set bit 1 of -7 (ix) directly instead of going through a.
  1021  0217  ddcbf9ce          	set	1,(ix-7)
  1022                          ; peephole 8 removed dead load from -7 (ix) into a.
  1023                          ;	genMove_o size 0 result type 5 source type 1 hl_dead 1
  1024                          ;	genLabel
  1025                          l_main_00121:
  1026                          ;	skipping iCode since result will be rematerialized
  1027                          ;	genPointerSet
  1028                          ;	genMove_o size 2 result type 5 source type 1 hl_dead 1
  1029  021b  dd36ed01          	ld	(ix-19),0x01
  1030  021f  af                	xor	a, a
  1031  0220  dd77ee            	ld	(ix-18),a
  1032                          ;	skipping iCode since result will be rematerialized
  1033                          ;	genPointerSet
  1034                          ;	genMove_o size 2 result type 5 source type 1 hl_dead 1
  1035  0223  dd36ef03          	ld	(ix-17),0x03
  1036  0227  af                	xor	a, a
  1037  0228  dd77f0            	ld	(ix-16),a
  1038                          ;	skipping iCode since result will be rematerialized
  1039                          ;	genPointerSet
  1040                          ;	genMove_o size 2 result type 5 source type 1 hl_dead 1
  1041  022b  dd36f105          	ld	(ix-15),0x05
  1042  022f  af                	xor	a, a
  1043  0230  dd77f2            	ld	(ix-14),a
  1044                          ;	skipping iCode since result will be rematerialized
  1045                          ;	genPointerSet
  1046                          ;	genMove_o size 2 result type 5 source type 1 hl_dead 1
  1047  0233  dd36f307          	ld	(ix-13),0x07
  1048  0237  af                	xor	a, a
  1049  0238  dd77f4            	ld	(ix-12),a
  1050                          ;	skipping iCode since result will be rematerialized
  1051                          ;	genPointerSet
  1052                          ;	genMove_o size 2 result type 5 source type 1 hl_dead 1
  1053  023b  dd36f509          	ld	(ix-11),0x09
  1054  023f  af                	xor	a, a
  1055  0240  dd77f6            	ld	(ix-10),a
  1056                          ;	skipping iCode since result will be rematerialized
  1057                          ;	genPointerSet
  1058                          ;	genMove_o size 2 result type 5 source type 1 hl_dead 1
  1059  0243  dd36f70b          	ld	(ix-9),0x0b
  1060  0247  af                	xor	a, a
  1061  0248  dd77f8            	ld	(ix-8),a
  1062                          ;	genAssign
  1063                          ;	AOP_STK for _main_sloc10_1_0
  1064                          ;	genMove_o size 1 result type 5 source type 1 hl_dead 1
  1065  024b  dd36fd00          	ld	(ix-3),0x00
  1066                          ;	genAssign
  1067                          ;	genMove_o size 1 result type 2 source type 1 hl_dead 1
  1068  024f  1e05              	ld	e,0x05
  1069                          ;	genAssign
  1070                          ;	AOP_STK for _main_sloc11_1_0
  1071                          ;	genMove_o size 2 result type 5 source type 1 hl_dead 1
  1072  0251  dd36feff          	ld	(ix-2),0xff
  1073  0255  dd36ffff          	ld	(ix-1),0xff
  1074                          ;	genLabel
  1075                          l_main_00132:
  1076                          ;	genCmpGt
  1077                          ;	AOP_STK for _main_sloc10_1_0
  1078  0259  7b                	ld	a, e
  1079  025a  dd96fd            	sub	a,(ix-3)
  1080  025d  384a              	jr	C,l_main_00134
  1081                          ; peephole 156 changed absolute to relative conditional jump.
  1082                          ;	skipping generated iCode
  1083                          ;	genCast
  1084                          ;	AOP_STK for _main_sloc10_1_0
  1085                          ;	genMove_o size 1 result type 2 source type 5 hl_dead 1
  1086  025f  dd4efd            	ld	c,(ix-3)
  1087                          ;	genMove_o size 0 result type 2 source type 1 hl_dead 1
  1088                          ;	genMove_o size 1 result type 2 source type 1 hl_dead 1
  1089                          ;	genCast
  1090                          ;	genMove_o size 1 result type 2 source type 2 hl_dead 1
  1091                          ;	genMove_o size 0 result type 2 source type 1 hl_dead 0
  1092                          ;	genMove_o size 1 result type 2 source type 1 hl_dead 0
  1093  0262  0600              	ld	b,0x00
  1094  0264  6b                	ld	l,e
  1095  0265  60                	ld	h,b
  1096                          ; peephole z88dk-606an1
  1097                          ;	genPlus
  1098  0266  09                	add	hl, bc
  1099                          ;	genRightShift
  1100                          ;	genMove_o size 2 result type 2 source type 2 hl_dead 1
  1101  0267  55                	ld	d, l
  1102                          ;	genMove_o size 0 result type 2 source type 1 hl_dead 1
  1103  0268  cb2c              	sra	h
  1104  026a  cb1a              	rr	d
  1105                          ;	genCast
  1106                          ;	genMove_o size 1 result type 2 source type 2 hl_dead 1
  1107                          ;	skipping iCode since result will be rematerialized
  1108                          ;	genCast
  1109                          ;	genMove_o size 1 result type 2 source type 2 hl_dead 1
  1110  026c  6a                	ld	l, d
  1111                          ;	genMove_o size 0 result type 2 source type 1 hl_dead 0
  1112                          ;	genMove_o size 1 result type 2 source type 1 hl_dead 0
  1113  026d  2600              	ld	h,0x00
  1114                          ;	genLeftShift
  1115  026f  29                	add	hl, hl
  1116                          ;fetchPairLong
  1117  0270  4d                	ld	c, l
  1118  0271  44                	ld	b, h
  1119                          ;	genPlus
  1120                          ;	genMove_o size 2 result type 2 source type 7 hl_dead 1
  1121  0272  210400            	ld	hl,4
  1122  0275  39                	add	hl, sp
  1123                          ;	genMove_o size 2 result type 2 source type 2 hl_dead 1
  1124  0276  09                	add	hl, bc
  1125                          ;	genPointerGet
  1126                          ;fetchPairLong
  1127  0277  7e                	ld	a, (hl)
  1128  0278  23                	inc	hl
  1129  0279  66                	ld	h, (hl)
  1130                          ;	genCmpEq
  1131  027a  6f                	ld	l,a
  1132                          ; peephole 70 removed redundant load from l into a.
  1133  027b  d607              	sub	a,0x07
  1134  027d  b4                	or	a, h
  1135                          ; peephole 62 removed jp by using inverse jump logic
  1136                          ; peephole 149 removed unused label l_main_00676$.
  1137  027e  2009              	jr	NZ,l_main_00130
  1138                          ; peephole 155 changed absolute to relative conditional jump.
  1139                          ; peephole 63 removed jp by using inverse jump logic
  1140                          ; peephole 149 removed unused label l_main_00677$.
  1141                          ;	skipping generated iCode
  1142                          ;	genCast
  1143                          ;	AOP_STK for _main_sloc11_1_0
  1144                          ;	genMove_o size 1 result type 5 source type 2 hl_dead 1
  1145  0280  dd72fe            	ld	(ix-2),d
  1146                          ;	genMove_o size 0 result type 5 source type 1 hl_dead 1
  1147                          ;	genMove_o size 1 result type 5 source type 1 hl_dead 1
  1148  0283  dd36ff00          	ld	(ix-1),0x00
  1149                          ;	genGoto
  1150  0287  1820              	jr	l_main_00134
  1151                          ; peephole 153 changed absolute to relative unconditional jump.
  1152                          ;	genLabel
  1153                          l_main_00130:
  1154                          ;	skipping iCode since result will be rematerialized
  1155                          ;	genPlus
  1156                          ;	genMove_o size 2 result type 2 source type 7 hl_dead 1
  1157  0289  210400            	ld	hl,4
  1158  028c  39                	add	hl, sp
  1159                          ;	genMove_o size 2 result type 2 source type 2 hl_dead 1
  1160  028d  09                	add	hl, bc
  1161                          ;	genPointerGet
  1162                          ;fetchPairLong
  1163                          ;	_moveFrom_tpair_()
  1164  028e  46                	ld	b, (hl)
  1165  028f  23                	inc	hl
  1166                          ;	_moveFrom_tpair_()
  1167  0290  6e                	ld	l, (hl)
  1168                          ;	genCast
  1169                          ;	genMove_o size 1 result type 2 source type 2 hl_dead 0
  1170  0291  4a                	ld	c, d
  1171                          ;	genMove_o size 0 result type 2 source type 1 hl_dead 0
  1172                          ;	genCmpLt
  1173  0292  78                	ld	a, b
  1174  0293  d607              	sub	a,0x07
  1175  0295  7d                	ld	a, l
  1176  0296  de00              	sbc	a,0x00
  1177  0298  3007              	jr	NC,l_main_00127
  1178                          ; peephole 157 changed absolute to relative conditional jump.
  1179                          ;	skipping generated iCode
  1180                          ;	genPlus
  1181                          ;	AOP_STK for _main_sloc10_1_0
  1182  029a  79                	ld	a, c
  1183  029b  3c                	inc	a
  1184  029c  dd77fd            	ld	(ix-3),a
  1185                          ;	genGoto
  1186  029f  18b8              	jr	l_main_00132
  1187                          ; peephole 153 changed absolute to relative unconditional jump.
  1188                          ;	genLabel
  1189                          l_main_00127:
  1190                          ;	genIfx
  1191  02a1  7a                	ld	a, d
  1192  02a2  b7                	or	a, a
  1193  02a3  2804              	jr	Z,l_main_00134
  1194                          ; peephole 154 changed absolute to relative conditional jump.
  1195                          ;	genMinus
  1196  02a5  59                	ld	e, c
  1197  02a6  1d                	dec	e
  1198                          ;	genGoto
  1199  02a7  18b0              	jr	l_main_00132
  1200                          ; peephole 153 changed absolute to relative unconditional jump.
  1201                          ;	genLabel
  1202                          l_main_00134:
  1203                          ;	genCast
  1204                          ;	AOP_STK for _main_sloc11_1_0
  1205                          ;	genMove_o size 2 result type 2 source type 5 hl_dead 1
  1206                          ;	genMove_o size 0 result type 2 source type 1 hl_dead 1
  1207                          ;	genCmpEq
  1208                          ; peephole 13 loaded -2 (ix) into a directly instead of going through c.
  1209  02a9  dd46ff            	ld	b,(ix-1)
  1210  02ac  dd7efe            	ld	a,(ix-2)
  1211                          ; peephole z88dk-75c
  1212  02af  d603              	sub	a,0x03
  1213  02b1  b0                	or	a, b
  1214                          ; peephole 62 removed jp by using inverse jump logic
  1215                          ; peephole 149 removed unused label l_main_00678$.
  1216  02b2  2004              	jr	NZ,l_main_00136
  1217                          ; peephole 155 changed absolute to relative conditional jump.
  1218                          ; peephole 63 removed jp by using inverse jump logic
  1219                          ; peephole 149 removed unused label l_main_00679$.
  1220                          ;	skipping generated iCode
  1221                          ;	genCast
  1222                          ;	AOP_STK for _main_sloc0_1_0
  1223                          ;	genMove_o size 1 result type 2 source type 5 hl_dead 1
  1224                          ;	genMove_o size 0 result type 2 source type 1 hl_dead 1
  1225                          ;	genOr
  1226                          ;	genCast
  1227                          ;	(locations are the same)
  1228                          ;	genCast
  1229                          ;	AOP_STK for _main_sloc0_1_0
  1230                          ;	genMove_o size 1 result type 5 source type 2 hl_dead 1
  1231                          ; peephole 55 set bit 2 of -7 (ix) directly instead of going through a.
  1232  02b4  ddcbf9d6          	set	2,(ix-7)
  1233                          ; peephole 8 removed dead load from -7 (ix) into a.
  1234                          ;	genMove_o size 0 result type 5 source type 1 hl_dead 1
  1235                          ;	genLabel
  1236                          l_main_00136:
  1237                          ;	skipping iCode since result will be rematerialized
  1238                          ;	genPointerSet
  1239                          ;	genMove_o size 2 result type 5 source type 1 hl_dead 1
  1240  02b8  dd36ed01          	ld	(ix-19),0x01
  1241  02bc  af                	xor	a, a
  1242  02bd  dd77ee            	ld	(ix-18),a
  1243                          ;	skipping iCode since result will be rematerialized
  1244                          ;	genPointerSet
  1245                          ;	genMove_o size 2 result type 5 source type 1 hl_dead 1
  1246  02c0  dd36ef03          	ld	(ix-17),0x03
  1247  02c4  af                	xor	a, a
  1248  02c5  dd77f0            	ld	(ix-16),a
  1249                          ;	skipping iCode since result will be rematerialized
  1250                          ;	genPointerSet
  1251                          ;	genMove_o size 2 result type 5 source type 1 hl_dead 1
  1252  02c8  dd36f105          	ld	(ix-15),0x05
  1253  02cc  af                	xor	a, a
  1254  02cd  dd77f2            	ld	(ix-14),a
  1255                          ;	skipping iCode since result will be rematerialized
  1256                          ;	genPointerSet
  1257                          ;	genMove_o size 2 result type 5 source type 1 hl_dead 1
  1258  02d0  dd36f307          	ld	(ix-13),0x07
  1259  02d4  af                	xor	a, a
  1260  02d5  dd77f4            	ld	(ix-12),a
  1261                          ;	skipping iCode since result will be rematerialized
  1262                          ;	genPointerSet
  1263                          ;	genMove_o size 2 result type 5 source type 1 hl_dead 1
  1264  02d8  dd36f509          	ld	(ix-11),0x09
  1265  02dc  af                	xor	a, a
  1266  02dd  dd77f6            	ld	(ix-10),a
  1267                          ;	skipping iCode since result will be rematerialized
  1268                          ;	genPointerSet
  1269                          ;	genMove_o size 2 result type 5 source type 1 hl_dead 1
  1270  02e0  dd36f70b          	ld	(ix-9),0x0b
  1271  02e4  af                	xor	a, a
  1272  02e5  dd77f8            	ld	(ix-8),a
  1273                          ;	genAssign
  1274                          ;	AOP_STK for _main_sloc12_1_0
  1275                          ;	genMove_o size 1 result type 5 source type 1 hl_dead 1
  1276  02e8  dd36fd00          	ld	(ix-3),0x00
  1277                          ;	genAssign
  1278                          ;	genMove_o size 1 result type 2 source type 1 hl_dead 1
  1279  02ec  1e05              	ld	e,0x05
  1280                          ;	genAssign
  1281                          ;	AOP_STK for _main_sloc13_1_0
  1282                          ;	genMove_o size 2 result type 5 source type 1 hl_dead 1
  1283  02ee  dd36feff          	ld	(ix-2),0xff
  1284  02f2  dd36ffff          	ld	(ix-1),0xff
  1285                          ;	genLabel
  1286                          l_main_00145:
  1287                          ;	genCmpGt
  1288                          ;	AOP_STK for _main_sloc12_1_0
  1289  02f6  7b                	ld	a, e
  1290  02f7  dd96fd            	sub	a,(ix-3)
  1291  02fa  3849              	jr	C,l_main_00147
  1292                          ; peephole 156 changed absolute to relative conditional jump.
  1293                          ;	skipping generated iCode
  1294                          ;	genCast
  1295                          ;	AOP_STK for _main_sloc12_1_0
  1296                          ;	genMove_o size 1 result type 2 source type 5 hl_dead 1
  1297  02fc  dd4efd            	ld	c,(ix-3)
  1298                          ;	genMove_o size 0 result type 2 source type 1 hl_dead 1
  1299                          ;	genMove_o size 1 result type 2 source type 1 hl_dead 1
  1300                          ;	genCast
  1301                          ;	genMove_o size 1 result type 2 source type 2 hl_dead 1
  1302                          ;	genMove_o size 0 result type 2 source type 1 hl_dead 0
  1303                          ;	genMove_o size 1 result type 2 source type 1 hl_dead 0
  1304  02ff  0600              	ld	b,0x00
  1305  0301  6b                	ld	l,e
  1306  0302  60                	ld	h,b
  1307                          ; peephole z88dk-606an1
  1308                          ;	genPlus
  1309  0303  09                	add	hl, bc
  1310                          ;	genRightShift
  1311                          ;fetchPairLong
  1312  0304  cb2c              	sra	h
  1313  0306  cb1d              	rr	l
  1314                          ;	genCast
  1315                          ;	genMove_o size 1 result type 2 source type 2 hl_dead 1
  1316                          ;	genMove_o size 0 result type 2 source type 1 hl_dead 1
  1317                          ;	skipping iCode since result will be rematerialized
  1318                          ;	genCast
  1319                          ;	genMove_o size 1 result type 2 source type 2 hl_dead 1
  1320  0308  55                	ld	d,l
  1321                          ; peephole z88dk-606a1
  1322                          ;	genMove_o size 0 result type 2 source type 1 hl_dead 0
  1323                          ;	genMove_o size 1 result type 2 source type 1 hl_dead 0
  1324  0309  2600              	ld	h,0x00
  1325                          ;	genLeftShift
  1326  030b  29                	add	hl, hl
  1327                          ;fetchPairLong
  1328  030c  4d                	ld	c, l
  1329  030d  44                	ld	b, h
  1330                          ;	genPlus
  1331                          ;	genMove_o size 2 result type 2 source type 7 hl_dead 1
  1332  030e  210400            	ld	hl,4
  1333  0311  39                	add	hl, sp
  1334                          ;	genMove_o size 2 result type 2 source type 2 hl_dead 1
  1335  0312  09                	add	hl, bc
  1336                          ;	genPointerGet
  1337                          ;fetchPairLong
  1338  0313  7e                	ld	a, (hl)
  1339  0314  23                	inc	hl
  1340  0315  66                	ld	h, (hl)
  1341                          ;	genCmpEq
  1342  0316  6f                	ld	l,a
  1343                          ; peephole 70 removed redundant load from l into a.
  1344  0317  d606              	sub	a,0x06
  1345  0319  b4                	or	a, h
  1346                          ; peephole 62 removed jp by using inverse jump logic
  1347                          ; peephole 149 removed unused label l_main_00680$.
  1348  031a  2009              	jr	NZ,l_main_00143
  1349                          ; peephole 155 changed absolute to relative conditional jump.
  1350                          ; peephole 63 removed jp by using inverse jump logic
  1351                          ; peephole 149 removed unused label l_main_00681$.
  1352                          ;	skipping generated iCode
  1353                          ;	genCast
  1354                          ;	AOP_STK for _main_sloc13_1_0
  1355                          ;	genMove_o size 1 result type 5 source type 2 hl_dead 1
  1356  031c  dd72fe            	ld	(ix-2),d
  1357                          ;	genMove_o size 0 result type 5 source type 1 hl_dead 1
  1358                          ;	genMove_o size 1 result type 5 source type 1 hl_dead 1
  1359  031f  dd36ff00          	ld	(ix-1),0x00
  1360                          ;	genGoto
  1361  0323  1820              	jr	l_main_00147
  1362                          ; peephole 153 changed absolute to relative unconditional jump.
  1363                          ;	genLabel
  1364                          l_main_00143:
  1365                          ;	skipping iCode since result will be rematerialized
  1366                          ;	genPlus
  1367                          ;	genMove_o size 2 result type 2 source type 7 hl_dead 1
  1368  0325  210400            	ld	hl,4
  1369  0328  39                	add	hl, sp
  1370                          ;	genMove_o size 2 result type 2 source type 2 hl_dead 1
  1371  0329  09                	add	hl, bc
  1372                          ;	genPointerGet
  1373                          ;fetchPairLong
  1374                          ;	_moveFrom_tpair_()
  1375  032a  46                	ld	b, (hl)
  1376  032b  23                	inc	hl
  1377                          ;	_moveFrom_tpair_()
  1378  032c  6e                	ld	l, (hl)
  1379                          ;	genCast
  1380                          ;	genMove_o size 1 result type 2 source type 2 hl_dead 0
  1381  032d  4a                	ld	c, d
  1382                          ;	genMove_o size 0 result type 2 source type 1 hl_dead 0
  1383                          ;	genCmpLt
  1384  032e  78                	ld	a, b
  1385  032f  d606              	sub	a,0x06
  1386  0331  7d                	ld	a, l
  1387  0332  de00              	sbc	a,0x00
  1388  0334  3007              	jr	NC,l_main_00140
  1389                          ; peephole 157 changed absolute to relative conditional jump.
  1390                          ;	skipping generated iCode
  1391                          ;	genPlus
  1392                          ;	AOP_STK for _main_sloc12_1_0
  1393  0336  79                	ld	a, c
  1394  0337  3c                	inc	a
  1395  0338  dd77fd            	ld	(ix-3),a
  1396                          ;	genGoto
  1397  033b  18b9              	jr	l_main_00145
  1398                          ; peephole 153 changed absolute to relative unconditional jump.
  1399                          ;	genLabel
  1400                          l_main_00140:
  1401                          ;	genIfx
  1402  033d  7a                	ld	a, d
  1403  033e  b7                	or	a, a
  1404  033f  2804              	jr	Z,l_main_00147
  1405                          ; peephole 154 changed absolute to relative conditional jump.
  1406                          ;	genMinus
  1407  0341  59                	ld	e, c
  1408  0342  1d                	dec	e
  1409                          ;	genGoto
  1410  0343  18b1              	jr	l_main_00145
  1411                          ; peephole 153 changed absolute to relative unconditional jump.
  1412                          ;	genLabel
  1413                          l_main_00147:
  1414                          ;	genAssign
  1415                          ;	genMove_o size 1 result type 2 source type 1 hl_dead 1
  1416                          ;	genAssign
  1417                          ;	genMove_o size 1 result type 2 source type 1 hl_dead 1
  1418  0345  0105ff            	ld	bc,0xff05
  1419                          ; peephole 69 combined constant loads into register pair.
  1420                          ;	genLabel
  1421                          l_main_00156:
  1422                          ;	genCast
  1423                          ;	genMove_o size 1 result type 2 source type 2 hl_dead 1
  1424                          ;	genMove_o size 1 result type 2 source type 1 hl_dead 1
  1425  0348  1e00              	ld	e,0x00
  1426                          ;	genPlus
  1427                          ;	genRightShift
  1428                          ;	genMove_o size 2 result type 2 source type 2 hl_dead 1
  1429  034a  cb2b              	sra	e
  1430  034c  cb19              	rr	c
  1431                          ;	genCast
  1432                          ;	genMove_o size 1 result type 2 source type 2 hl_dead 1
  1433                          ;	skipping iCode since result will be rematerialized
  1434                          ;	genCast
  1435                          ;	genMove_o size 1 result type 2 source type 2 hl_dead 1
  1436  034e  59                	ld	e, c
  1437                          ;	genMove_o size 0 result type 2 source type 1 hl_dead 1
  1438                          ;	genMove_o size 1 result type 2 source type 1 hl_dead 1
  1439  034f  1600              	ld	d,0x00
  1440                          ;	genLeftShift
  1441                          ;	genMove_o size 2 result type 2 source type 2 hl_dead 1
  1442  0351  eb                	ex	de, hl
  1443  0352  29                	add	hl, hl
  1444  0353  eb                	ex	de, hl
  1445                          ;	genPlus
  1446                          ;	genMove_o size 2 result type 2 source type 7 hl_dead 1
  1447  0354  210400            	ld	hl,4
  1448  0357  39                	add	hl, sp
  1449                          ;	genMove_o size 2 result type 2 source type 2 hl_dead 1
  1450  0358  19                	add	hl, de
  1451                          ;	genPointerGet
  1452                          ;fetchPairLong
  1453  0359  7e                	ld	a, (hl)
  1454  035a  23                	inc	hl
  1455  035b  66                	ld	h, (hl)
  1456                          ;	genCmpEq
  1457  035c  6f                	ld	l,a
  1458                          ; peephole 70 removed redundant load from l into a.
  1459  035d  b7                	or	a, a
  1460  035e  b4                	or	a, h
  1461                          ; peephole 62 removed jp by using inverse jump logic
  1462                          ; peephole 149 removed unused label l_main_00682$.
  1463  035f  2003              	jr	NZ,l_main_00154
  1464                          ; peephole 155 changed absolute to relative conditional jump.
  1465                          ; peephole 63 removed jp by using inverse jump logic
  1466                          ; peephole 149 removed unused label l_main_00683$.
  1467                          ;	skipping generated iCode
  1468                          ;	genCast
  1469                          ;	genMove_o size 1 result type 2 source type 2 hl_dead 1
  1470  0361  41                	ld	b, c
  1471                          ;	genMove_o size 0 result type 2 source type 1 hl_dead 1
  1472                          ;	genGoto
  1473  0362  180d              	jr	l_main_00158
  1474                          ; peephole 153 changed absolute to relative unconditional jump.
  1475                          ;	genLabel
  1476                          l_main_00154:
  1477                          ;	skipping iCode since result will be rematerialized
  1478                          ;	genPlus
  1479                          ;	genMove_o size 2 result type 2 source type 7 hl_dead 1
  1480  0364  210400            	ld	hl,4
  1481  0367  39                	add	hl, sp
  1482                          ;	genMove_o size 2 result type 2 source type 2 hl_dead 1
  1483  0368  19                	add	hl, de
  1484                          ;	genPointerGet
  1485                          ;fetchPairLong
  1486                          ;	_moveFrom_tpair_()
  1487                          ; peephole z88dk-261
  1488  0369  23                	inc	hl
  1489                          ;	_moveFrom_tpair_()
  1490                          ; peephole z88dk-261
  1491                          ;	genIfx
  1492  036a  79                	ld	a, c
  1493  036b  b7                	or	a, a
  1494  036c  2803              	jr	Z,l_main_00158
  1495                          ; peephole 154 changed absolute to relative conditional jump.
  1496                          ;	genCast
  1497                          ;	(locations are the same)
  1498                          ;	genMinus
  1499  036e  0d                	dec	c
  1500                          ;	genGoto
  1501  036f  18d7              	jr	l_main_00156
  1502                          ; peephole 153 changed absolute to relative unconditional jump.
  1503                          ;	genLabel
  1504                          l_main_00158:
  1505                          ;	genCmpEq
  1506                          ;	AOP_STK for _main_sloc13_1_0
  1507  0371  dd7efe            	ld	a,(ix-2)
  1508  0374  dda6ff            	and	a,(ix-1)
  1509  0377  3c                	inc	a
  1510                          ; peephole 62 removed jp by using inverse jump logic
  1511                          ; peephole 149 removed unused label l_main_00684$.
  1512  0378  2007              	jr	NZ,l_main_00160
  1513                          ; peephole 155 changed absolute to relative conditional jump.
  1514                          ; peephole 63 removed jp by using inverse jump logic
  1515                          ; peephole 149 removed unused label l_main_00685$.
  1516                          ;	skipping generated iCode
  1517                          ;	genCmpEq
  1518  037a  04                	inc	b
  1519                          ; peephole 62 removed jp by using inverse jump logic
  1520                          ; peephole 149 removed unused label l_main_00686$.
  1521  037b  2004              	jr	NZ,l_main_00160
  1522                          ; peephole 155 changed absolute to relative conditional jump.
  1523                          ; peephole 63 removed jp by using inverse jump logic
  1524                          ; peephole 149 removed unused label l_main_00687$.
  1525                          ;	skipping generated iCode
  1526                          ;	genCast
  1527                          ;	AOP_STK for _main_sloc0_1_0
  1528                          ;	genMove_o size 1 result type 2 source type 5 hl_dead 1
  1529                          ;	genMove_o size 0 result type 2 source type 1 hl_dead 1
  1530                          ;	genOr
  1531                          ;	genCast
  1532                          ;	(locations are the same)
  1533                          ;	genCast
  1534                          ;	AOP_STK for _main_sloc0_1_0
  1535                          ;	genMove_o size 1 result type 5 source type 2 hl_dead 1
  1536                          ; peephole 55 set bit 3 of -7 (ix) directly instead of going through a.
  1537  037d  ddcbf9de          	set	3,(ix-7)
  1538                          ; peephole 8 removed dead load from -7 (ix) into a.
  1539                          ;	genMove_o size 0 result type 5 source type 1 hl_dead 1
  1540                          ;	genLabel
  1541                          l_main_00160:
  1542                          ;	skipping iCode since result will be rematerialized
  1543                          ;	genPointerSet
  1544                          ;	genMove_o size 1 result type 5 source type 1 hl_dead 1
  1545  0381  dd36f409          	ld	(ix-12),0x09
  1546                          ;	skipping iCode since result will be rematerialized
  1547                          ;	genPointerSet
  1548                          ;	genMove_o size 1 result type 5 source type 1 hl_dead 1
  1549  0385  dd36f504          	ld	(ix-11),0x04
  1550                          ;	skipping iCode since result will be rematerialized
  1551                          ;	genPointerSet
  1552                          ;	genMove_o size 1 result type 5 source type 1 hl_dead 1
  1553  0389  dd36f607          	ld	(ix-10),0x07
  1554                          ;	skipping iCode since result will be rematerialized
  1555                          ;	genPointerSet
  1556                          ;	genMove_o size 1 result type 5 source type 1 hl_dead 1
  1557  038d  dd36f702          	ld	(ix-9),0x02
  1558                          ;	skipping iCode since result will be rematerialized
  1559                          ;	genPointerSet
  1560                          ;	genMove_o size 1 result type 5 source type 1 hl_dead 1
  1561  0391  dd36f805          	ld	(ix-8),0x05
  1562                          ;	genAssign
  1563                          ;	genMove_o size 1 result type 2 source type 1 hl_dead 1
  1564  0395  0e00              	ld	c,0x00
  1565                          ;	genLabel
  1566                          l_main_00209:
  1567                          ;	genCmpLt
  1568  0397  79                	ld	a, c
  1569  0398  d604              	sub	a,0x04
  1570  039a  3058              	jr	NC,l_main_00167
  1571                          ; peephole 157 changed absolute to relative conditional jump.
  1572                          ;	skipping generated iCode
  1573                          ;	genAssign
  1574                          ;	genMove_o size 1 result type 2 source type 2 hl_dead 1
  1575  039c  41                	ld	b, c
  1576                          ;	genMove_o size 0 result type 2 source type 1 hl_dead 1
  1577                          ;	genCast
  1578                          ;	genMove_o size 1 result type 2 source type 2 hl_dead 1
  1579  039d  59                	ld	e, c
  1580                          ;	genMove_o size 0 result type 2 source type 1 hl_dead 1
  1581                          ;	genPlus
  1582  039e  1c                	inc	e
  1583                          ;	genLabel
  1584                          l_main_00206:
  1585                          ;	genCmpLt
  1586  039f  7b                	ld	a, e
  1587  03a0  d605              	sub	a,0x05
  1588  03a2  301d              	jr	NC,l_main_00164
  1589                          ; peephole 157 changed absolute to relative conditional jump.
  1590                          ;	skipping generated iCode
  1591                          ;	skipping iCode since result will be rematerialized
  1592                          ;	genPlus
  1593  03a4  d5                	push	de
  1594                          ;	genMove_o size 2 result type 2 source type 2 hl_dead 1
  1595                          ;	genMove_o size 1 result type 2 source type 1 hl_dead 1
  1596  03a5  1600              	ld	d,0x00
  1597                          ;	genMove_o size 2 result type 2 source type 7 hl_dead 1
  1598  03a7  210d00            	ld	hl,13
  1599  03aa  39                	add	hl, sp
  1600                          ;	genMove_o size 2 result type 2 source type 2 hl_dead 1
  1601  03ab  19                	add	hl, de
  1602  03ac  d1                	pop	de
  1603                          ;	genMove_o size 2 result type 2 source type 2 hl_dead 1
  1604                          ;	genPointerGet
  1605  03ad  56                	ld	d, (hl)
  1606                          ;	skipping iCode since result will be rematerialized
  1607                          ;	genPlus
  1608  03ae  d5                	push	de
  1609                          ;	genMove_o size 2 result type 2 source type 2 hl_dead 1
  1610  03af  58                	ld	e, b
  1611                          ;	genMove_o size 1 result type 2 source type 1 hl_dead 1
  1612  03b0  1600              	ld	d,0x00
  1613                          ;	genMove_o size 2 result type 2 source type 7 hl_dead 1
  1614  03b2  210d00            	ld	hl,13
  1615  03b5  39                	add	hl, sp
  1616                          ;	genMove_o size 2 result type 2 source type 2 hl_dead 1
  1617  03b6  19                	add	hl, de
  1618  03b7  d1                	pop	de
  1619                          ;	genMove_o size 2 result type 2 source type 2 hl_dead 1
  1620                          ;	genPointerGet
  1621  03b8  6e                	ld	l, (hl)
  1622                          ;	genCmpLt
  1623  03b9  7a                	ld	a, d
  1624  03ba  95                	sub	a, l
  1625  03bb  3001              	jr	NC,l_main_00207
  1626                          ; peephole 157 changed absolute to relative conditional jump.
  1627                          ;	skipping generated iCode
  1628                          ;	genAssign
  1629                          ;	genMove_o size 1 result type 2 source type 2 hl_dead 1
  1630  03bd  43                	ld	b, e
  1631                          ;	genMove_o size 0 result type 2 source type 1 hl_dead 1
  1632                          ;	genLabel
  1633                          l_main_00207:
  1634                          ;	genPlus
  1635  03be  1c                	inc	e
  1636                          ;	genGoto
  1637  03bf  18de              	jr	l_main_00206
  1638                          ; peephole 153 changed absolute to relative unconditional jump.
  1639                          ;	genLabel
  1640                          l_main_00164:
  1641                          ;	genCmpEq
  1642  03c1  79                	ld	a, c
  1643  03c2  90                	sub	a, b
  1644  03c3  282c              	jr	Z,l_main_00210
  1645                          ; peephole 154 changed absolute to relative conditional jump.
  1646                          ; peephole 62 removed jp by using inverse jump logic
  1647                          ; peephole 149 removed unused label l_main_00688$.
  1648                          ;	skipping generated iCode
  1649                          ;	skipping iCode since result will be rematerialized
  1650                          ;	genPlus
  1651                          ;	genMove_o size 2 result type 2 source type 2 hl_dead 1
  1652  03c5  59                	ld	e, c
  1653                          ;	genMove_o size 1 result type 2 source type 1 hl_dead 1
  1654  03c6  1600              	ld	d,0x00
  1655                          ;	genMove_o size 2 result type 2 source type 7 hl_dead 1
  1656  03c8  210b00            	ld	hl,11
  1657  03cb  39                	add	hl, sp
  1658                          ;	genMove_o size 2 result type 2 source type 2 hl_dead 1
  1659  03cc  19                	add	hl, de
  1660                          ;	genMove_o size 2 result type 2 source type 2 hl_dead 1
  1661                          ;	genPointerGet
  1662                          ;	AOP_STK for _main_sloc14_1_0
  1663  03cd  7e                	ld	a, (hl)
  1664                          ;	genMove_o size 1 result type 5 source type 2 hl_dead 1
  1665  03ce  dd77ff            	ld	(ix-1),a
  1666                          ;	genMove_o size 0 result type 5 source type 1 hl_dead 1
  1667                          ;	skipping iCode since result will be rematerialized
  1668                          ;	genPlus
  1669                          ;	genMove_o size 2 result type 2 source type 2 hl_dead 1
  1670  03d1  59                	ld	e, c
  1671                          ;	genMove_o size 1 result type 2 source type 1 hl_dead 1
  1672  03d2  1600              	ld	d,0x00
  1673                          ;	genMove_o size 2 result type 2 source type 7 hl_dead 1
  1674  03d4  210b00            	ld	hl,11
  1675  03d7  39                	add	hl, sp
  1676                          ;	genMove_o size 2 result type 2 source type 2 hl_dead 1
  1677  03d8  19                	add	hl, de
  1678                          ;	genMove_o size 2 result type 2 source type 2 hl_dead 1
  1679                          ;	genMove_o size 0 result type 2 source type 1 hl_dead 1
  1680                          ;	skipping iCode since result will be rematerialized
  1681                          ;	genPlus
  1682                          ; peephole 26 pushed hl directly instead of going through de.
  1683  03d9  e5                	push	hl
  1684                          ;	genMove_o size 2 result type 2 source type 2 hl_dead 1
  1685  03da  58                	ld	e, b
  1686                          ;	genMove_o size 1 result type 2 source type 1 hl_dead 1
  1687  03db  1600              	ld	d,0x00
  1688                          ;	genMove_o size 2 result type 2 source type 7 hl_dead 1
  1689  03dd  210d00            	ld	hl,13
  1690  03e0  39                	add	hl, sp
  1691                          ;	genMove_o size 2 result type 2 source type 2 hl_dead 1
  1692  03e1  19                	add	hl, de
  1693  03e2  d1                	pop	de
  1694                          ;	genMove_o size 2 result type 2 source type 2 hl_dead 1
  1695                          ;	genPointerGet
  1696  03e3  7e                	ld	a, (hl)
  1697                          ;	genPointerSet
  1698                          ;	genMove_o size 1 result type 2 source type 2 hl_dead 1
  1699  03e4  12                	ld	(de), a
  1700                          ;	skipping iCode since result will be rematerialized
  1701                          ;	genPlus
  1702                          ;	genMove_o size 2 result type 2 source type 2 hl_dead 1
  1703  03e5  58                	ld	e, b
  1704                          ;	genMove_o size 1 result type 2 source type 1 hl_dead 1
  1705  03e6  1600              	ld	d,0x00
  1706                          ;	genMove_o size 2 result type 2 source type 7 hl_dead 1
  1707  03e8  210b00            	ld	hl,11
  1708  03eb  39                	add	hl, sp
  1709                          ;	genMove_o size 2 result type 2 source type 2 hl_dead 1
  1710  03ec  19                	add	hl, de
  1711                          ;	genMove_o size 2 result type 2 source type 2 hl_dead 1
  1712                          ;	genPointerSet
  1713                          ;	AOP_STK for _main_sloc14_1_0
  1714                          ;	genMove_o size 1 result type 2 source type 5 hl_dead 0
  1715  03ed  dd7eff            	ld	a,(ix-1)
  1716                          ;	genMove_o size 0 result type 2 source type 1 hl_dead 0
  1717  03f0  77                	ld	(hl), a
  1718                          ;	genLabel
  1719                          l_main_00210:
  1720                          ;	genPlus
  1721  03f1  0c                	inc	c
  1722                          ;	genGoto
  1723  03f2  18a3              	jr	l_main_00209
  1724                          ; peephole 153 changed absolute to relative unconditional jump.
  1725                          ;	genLabel
  1726                          l_main_00167:
  1727                          ;	skipping iCode since result will be rematerialized
  1728                          ;	genPointerGet
  1729                          ;	genMove_o size 1 result type 2 source type 5 hl_dead 1
  1730  03f4  dd7ef4            	ld	a,(ix-12)
  1731                          ;	genMove_o size 0 result type 2 source type 1 hl_dead 1
  1732                          ;	genCmpEq
  1733  03f7  d602              	sub	a,0x02
  1734                          ; peephole 62 removed jp by using inverse jump logic
  1735                          ; peephole 149 removed unused label l_main_00689$.
  1736  03f9  200e              	jr	NZ,l_main_00169
  1737                          ; peephole 155 changed absolute to relative conditional jump.
  1738                          ; peephole 63 removed jp by using inverse jump logic
  1739                          ; peephole 149 removed unused label l_main_00690$.
  1740                          ;	skipping generated iCode
  1741                          ;	skipping iCode since result will be rematerialized
  1742                          ;	genPointerGet
  1743                          ;	genMove_o size 1 result type 2 source type 5 hl_dead 1
  1744  03fb  dd7ef8            	ld	a,(ix-8)
  1745                          ;	genMove_o size 0 result type 2 source type 1 hl_dead 1
  1746                          ;	genCmpEq
  1747  03fe  d609              	sub	a,0x09
  1748                          ; peephole 62 removed jp by using inverse jump logic
  1749                          ; peephole 149 removed unused label l_main_00691$.
  1750  0400  2007              	jr	NZ,l_main_00169
  1751                          ; peephole 155 changed absolute to relative conditional jump.
  1752                          ; peephole 63 removed jp by using inverse jump logic
  1753                          ; peephole 149 removed unused label l_main_00692$.
  1754                          ;	skipping generated iCode
  1755                          ;	genCast
  1756                          ;	AOP_STK for _main_sloc0_1_0
  1757                          ;	genMove_o size 1 result type 2 source type 5 hl_dead 1
  1758                          ;	genMove_o size 0 result type 2 source type 1 hl_dead 1
  1759                          ;	genOr
  1760                          ;	genCast
  1761                          ;	(locations are the same)
  1762                          ;	genCast
  1763                          ;	AOP_STK for _main_sloc0_1_0
  1764                          ;	genMove_o size 1 result type 5 source type 2 hl_dead 1
  1765                          ; peephole 55 set bit 4 of -7 (ix) directly instead of going through a.
  1766  0402  ddcbf9e6          	set	4,(ix-7)
  1767  0406  dd7ef9            	ld	a,(ix-7)
  1768                          ;	genMove_o size 0 result type 5 source type 1 hl_dead 1
  1769                          ;	genLabel
  1770                          l_main_00169:
  1771                          ;	skipping iCode since result will be rematerialized
  1772                          ;	genPointerSet
  1773                          ;	genMove_o size 2 result type 5 source type 1 hl_dead 1
  1774  0409  dd36e92a          	ld	(ix-23),0x2a
  1775  040d  af                	xor	a, a
  1776  040e  dd77ea            	ld	(ix-22),a
  1777                          ;	skipping iCode since result will be rematerialized
  1778                          ;	genPointerSet
  1779                          ;	genMove_o size 2 result type 5 source type 1 hl_dead 1
  1780  0411  dd36eb11          	ld	(ix-21),0x11
  1781  0415  af                	xor	a, a
  1782  0416  dd77ec            	ld	(ix-20),a
  1783                          ;	skipping iCode since result will be rematerialized
  1784                          ;	genPointerSet
  1785                          ;	genMove_o size 2 result type 5 source type 1 hl_dead 1
  1786  0419  dd36ed5f          	ld	(ix-19),0x5f
  1787  041d  af                	xor	a, a
  1788  041e  dd77ee            	ld	(ix-18),a
  1789                          ;	skipping iCode since result will be rematerialized
  1790                          ;	genPointerSet
  1791                          ;	genMove_o size 2 result type 5 source type 1 hl_dead 1
  1792  0421  dd36ef03          	ld	(ix-17),0x03
  1793  0425  af                	xor	a, a
  1794  0426  dd77f0            	ld	(ix-16),a
  1795                          ;	skipping iCode since result will be rematerialized
  1796                          ;	genPointerSet
  1797                          ;	genMove_o size 2 result type 5 source type 1 hl_dead 1
  1798  0429  dd36f158          	ld	(ix-15),0x58
  1799  042d  af                	xor	a, a
  1800  042e  dd77f2            	ld	(ix-14),a
  1801                          ;	skipping iCode since result will be rematerialized
  1802                          ;	genPointerSet
  1803                          ;	genMove_o size 2 result type 5 source type 1 hl_dead 1
  1804  0431  dd36f33d          	ld	(ix-13),0x3d
  1805  0435  af                	xor	a, a
  1806  0436  dd77f4            	ld	(ix-12),a
  1807                          ;	skipping iCode since result will be rematerialized
  1808                          ;	genPointerSet
  1809                          ;	genMove_o size 2 result type 5 source type 1 hl_dead 1
  1810  0439  dd36f507          	ld	(ix-11),0x07
  1811  043d  af                	xor	a, a
  1812  043e  dd77f6            	ld	(ix-10),a
  1813                          ;	skipping iCode since result will be rematerialized
  1814                          ;	genPointerSet
  1815                          ;	genMove_o size 2 result type 5 source type 1 hl_dead 1
  1816  0441  dd36f736          	ld	(ix-9),0x36
  1817  0445  af                	xor	a, a
  1818  0446  dd77f8            	ld	(ix-8),a
  1819                          ;	skipping iCode since result will be rematerialized
  1820                          ;	genPointerGet
  1821                          ;	AOP_STK for _main_sloc15_1_0
  1822                          ;	genMove_o size 2 result type 5 source type 5 hl_dead 1
  1823  0449  dd7ee9            	ld	a,(ix-23)
  1824  044c  dd77fb            	ld	(ix-5),a
  1825  044f  dd7eea            	ld	a,(ix-22)
  1826  0452  dd77fc            	ld	(ix-4),a
  1827                          ;	genMove_o size 0 result type 5 source type 1 hl_dead 1
  1828                          ;	skipping iCode since result will be rematerialized
  1829                          ;	genPointerGet
  1830                          ;	genMove_o size 2 result type 2 source type 5 hl_dead 1
  1831  0455  c1                	pop	bc
  1832  0456  c5                	push	bc
  1833                          ;	genMove_o size 0 result type 2 source type 1 hl_dead 1
  1834                          ;	genAssign
  1835                          ;	AOP_STK for _main_sloc16_1_0
  1836                          ;	genMove_o size 1 result type 5 source type 1 hl_dead 1
  1837  0457  dd36ff01          	ld	(ix-1),0x01
  1838                          ;	genLabel
  1839                          l_main_00212:
  1840                          ;	genCmpLt
  1841                          ;	AOP_STK for _main_sloc16_1_0
  1842  045b  dd7eff            	ld	a,(ix-1)
  1843  045e  d608              	sub	a,0x08
  1844  0460  3052              	jr	NC,l_main_00175
  1845                          ; peephole 157 changed absolute to relative conditional jump.
  1846                          ;	skipping generated iCode
  1847                          ;	skipping iCode since result will be rematerialized
  1848                          ;	genCast
  1849                          ;	AOP_STK for _main_sloc16_1_0
  1850                          ;	genMove_o size 1 result type 2 source type 5 hl_dead 1
  1851  0462  dd5eff            	ld	e,(ix-1)
  1852                          ;	genMove_o size 0 result type 2 source type 1 hl_dead 1
  1853                          ;	genMove_o size 1 result type 2 source type 1 hl_dead 1
  1854  0465  1600              	ld	d,0x00
  1855                          ;	genLeftShift
  1856                          ;	genMove_o size 2 result type 2 source type 2 hl_dead 1
  1857  0467  eb                	ex	de, hl
  1858  0468  29                	add	hl, hl
  1859  0469  eb                	ex	de, hl
  1860                          ;	genPlus
  1861                          ;	genMove_o size 2 result type 2 source type 7 hl_dead 1
  1862  046a  210000            	ld	hl,0
  1863  046d  39                	add	hl, sp
  1864                          ;	genMove_o size 2 result type 2 source type 2 hl_dead 1
  1865  046e  19                	add	hl, de
  1866                          ;	genPointerGet
  1867                          ;	AOP_STK for _main_sloc17_1_0
  1868                          ;fetchPairLong
  1869                          ;	_moveFrom_tpair_()
  1870  046f  7e                	ld	a, (hl)
  1871  0470  dd77fd            	ld	(ix-3),a
  1872  0473  23                	inc	hl
  1873                          ;	_moveFrom_tpair_()
  1874  0474  7e                	ld	a, (hl)
  1875  0475  dd77fe            	ld	(ix-2),a
  1876                          ;	genCmpGt
  1877                          ;	AOP_STK for _main_sloc17_1_0
  1878                          ;	AOP_STK for _main_sloc15_1_0
  1879  0478  dd7efb            	ld	a,(ix-5)
  1880  047b  dd96fd            	sub	a,(ix-3)
  1881  047e  dd7efc            	ld	a,(ix-4)
  1882  0481  dd9efe            	sbc	a,(ix-2)
  1883  0484  300b              	jr	NC,l_main_00172
  1884                          ; peephole 157 changed absolute to relative conditional jump.
  1885                          ;	skipping generated iCode
  1886                          ;	skipping iCode since result will be rematerialized
  1887                          ;	genPlus
  1888                          ;	genMove_o size 2 result type 2 source type 7 hl_dead 1
  1889  0486  210000            	ld	hl,0
  1890  0489  39                	add	hl, sp
  1891                          ;	genMove_o size 2 result type 2 source type 2 hl_dead 1
  1892  048a  19                	add	hl, de
  1893                          ;	genPointerGet
  1894                          ;	AOP_STK for _main_sloc15_1_0
  1895                          ;fetchPairLong
  1896                          ;	_moveFrom_tpair_()
  1897                          ;	_moveFrom_tpair_()
  1898  048b  11fbff            	ld	de,-5
  1899  048e  cd0000            	call	____sdcc_2_copy_src_mhl_dst_deix
  1900                          ; peephole z88dk-code-reduction-500a
  1901                          ;	genLabel
  1902                          l_main_00172:
  1903                          ;	skipping iCode since result will be rematerialized
  1904                          ;	genCast
  1905                          ;	AOP_STK for _main_sloc16_1_0
  1906                          ;	genMove_o size 1 result type 2 source type 5 hl_dead 1
  1907  0491  dd5eff            	ld	e,(ix-1)
  1908                          ;	genMove_o size 0 result type 2 source type 1 hl_dead 1
  1909                          ;	genMove_o size 1 result type 2 source type 1 hl_dead 1
  1910  0494  1600              	ld	d,0x00
  1911                          ;	genLeftShift
  1912                          ;	genMove_o size 2 result type 2 source type 2 hl_dead 1
  1913  0496  eb                	ex	de, hl
  1914  0497  29                	add	hl, hl
  1915  0498  eb                	ex	de, hl
  1916                          ;	genPlus
  1917                          ;	genMove_o size 2 result type 2 source type 7 hl_dead 1
  1918  0499  210000            	ld	hl,0
  1919  049c  39                	add	hl, sp
  1920                          ;	genMove_o size 2 result type 2 source type 2 hl_dead 1
  1921  049d  19                	add	hl, de
  1922                          ;	genPointerGet
  1923                          ;fetchPairLong
  1924  049e  7e                	ld	a, (hl)
  1925  049f  23                	inc	hl
  1926  04a0  66                	ld	h, (hl)
  1927  04a1  6f                	ld	l, a
  1928                          ;	genCmpLt
  1929  04a2  af                	xor	a, a
  1930  04a3  ed42              	sbc	hl, bc
  1931  04a5  3008              	jr	NC,l_main_00213
  1932                          ; peephole 157 changed absolute to relative conditional jump.
  1933                          ;	skipping generated iCode
  1934                          ;	skipping iCode since result will be rematerialized
  1935                          ;	genPlus
  1936                          ;	genMove_o size 2 result type 2 source type 7 hl_dead 1
  1937  04a7  210000            	ld	hl,0
  1938  04aa  39                	add	hl, sp
  1939                          ;	genMove_o size 2 result type 2 source type 2 hl_dead 1
  1940  04ab  19                	add	hl, de
  1941                          ;	genPointerGet
  1942                          ;fetchPairLong
  1943                          ;	_moveFrom_tpair_()
  1944  04ac  4e                	ld	c, (hl)
  1945  04ad  23                	inc	hl
  1946                          ;	_moveFrom_tpair_()
  1947  04ae  46                	ld	b, (hl)
  1948                          ;	genLabel
  1949                          l_main_00213:
  1950                          ;	genPlus
  1951                          ;	AOP_STK for _main_sloc16_1_0
  1952  04af  dd34ff            	inc	(ix-1)
  1953                          ;	genGoto
  1954  04b2  18a7              	jr	l_main_00212
  1955                          ; peephole 153 changed absolute to relative unconditional jump.
  1956                          ;	genLabel
  1957                          l_main_00175:
  1958                          ;	genCast
  1959                          ;	AOP_STK for _main_sloc15_1_0
  1960                          ;	genMove_o size 2 result type 2 source type 5 hl_dead 1
  1961                          ;	genMove_o size 0 result type 2 source type 1 hl_dead 1
  1962                          ;	genCmpEq
  1963                          ; peephole 13 loaded -5 (ix) into a directly instead of going through e.
  1964  04b4  dd56fc            	ld	d,(ix-4)
  1965  04b7  dd7efb            	ld	a,(ix-5)
  1966                          ; peephole z88dk-75c
  1967  04ba  d65f              	sub	a,0x5f
  1968  04bc  b2                	or	a, d
  1969                          ; peephole 62 removed jp by using inverse jump logic
  1970                          ; peephole 149 removed unused label l_main_00693$.
  1971  04bd  200d              	jr	NZ,l_main_00177
  1972                          ; peephole 155 changed absolute to relative conditional jump.
  1973                          ; peephole 63 removed jp by using inverse jump logic
  1974                          ; peephole 149 removed unused label l_main_00694$.
  1975                          ;	skipping generated iCode
  1976                          ;	genCast
  1977                          ;	(locations are the same)
  1978                          ;	genCmpEq
  1979  04bf  79                	ld	a, c
  1980  04c0  d603              	sub	a,0x03
  1981  04c2  b0                	or	a, b
  1982                          ; peephole 62 removed jp by using inverse jump logic
  1983                          ; peephole 149 removed unused label l_main_00695$.
  1984  04c3  2007              	jr	NZ,l_main_00177
  1985                          ; peephole 155 changed absolute to relative conditional jump.
  1986                          ; peephole 63 removed jp by using inverse jump logic
  1987                          ; peephole 149 removed unused label l_main_00696$.
  1988                          ;	skipping generated iCode
  1989                          ;	genCast
  1990                          ;	AOP_STK for _main_sloc0_1_0
  1991                          ;	genMove_o size 1 result type 2 source type 5 hl_dead 1
  1992                          ;	genMove_o size 0 result type 2 source type 1 hl_dead 1
  1993                          ;	genOr
  1994                          ;	genCast
  1995                          ;	(locations are the same)
  1996                          ;	genCast
  1997                          ;	AOP_STK for _main_sloc0_1_0
  1998                          ;	genMove_o size 1 result type 5 source type 2 hl_dead 1
  1999                          ; peephole 55 set bit 5 of -7 (ix) directly instead of going through a.
  2000  04c5  ddcbf9ee          	set	5,(ix-7)
  2001  04c9  dd7ef9            	ld	a,(ix-7)
  2002                          ;	genMove_o size 0 result type 5 source type 1 hl_dead 1
  2003                          ;	genLabel
  2004                          l_main_00177:
  2005                          ;	skipping iCode since result will be rematerialized
  2006                          ;	genPointerSet
  2007                          ;	genMove_o size 1 result type 5 source type 1 hl_dead 1
  2008  04cc  dd36ef01          	ld	(ix-17),0x01
  2009                          ;	skipping iCode since result will be rematerialized
  2010                          ;	genPointerSet
  2011                          ;	genMove_o size 1 result type 5 source type 1 hl_dead 1
  2012  04d0  dd36f005          	ld	(ix-16),0x05
  2013                          ;	skipping iCode since result will be rematerialized
  2014                          ;	genPointerSet
  2015                          ;	genMove_o size 1 result type 5 source type 1 hl_dead 1
  2016  04d4  dd36f103          	ld	(ix-15),0x03
  2017                          ;	skipping iCode since result will be rematerialized
  2018                          ;	genPointerSet
  2019                          ;	genMove_o size 1 result type 5 source type 1 hl_dead 1
  2020  04d8  dd36f208          	ld	(ix-14),0x08
  2021                          ;	skipping iCode since result will be rematerialized
  2022                          ;	genPointerSet
  2023                          ;	genMove_o size 1 result type 5 source type 1 hl_dead 1
  2024  04dc  dd36f302          	ld	(ix-13),0x02
  2025                          ;	skipping iCode since result will be rematerialized
  2026                          ;	genPointerSet
  2027                          ;	genMove_o size 1 result type 5 source type 1 hl_dead 1
  2028  04e0  dd36f409          	ld	(ix-12),0x09
  2029                          ;	skipping iCode since result will be rematerialized
  2030                          ;	genPointerSet
  2031                          ;	genMove_o size 1 result type 5 source type 1 hl_dead 1
  2032  04e4  dd36f504          	ld	(ix-11),0x04
  2033                          ;	skipping iCode since result will be rematerialized
  2034                          ;	genPointerSet
  2035                          ;	genMove_o size 1 result type 5 source type 1 hl_dead 1
  2036  04e8  dd36f607          	ld	(ix-10),0x07
  2037                          ;	skipping iCode since result will be rematerialized
  2038                          ;	genPointerSet
  2039                          ;	genMove_o size 1 result type 5 source type 1 hl_dead 1
  2040  04ec  dd36f706          	ld	(ix-9),0x06
  2041                          ;	skipping iCode since result will be rematerialized
  2042                          ;	genPointerSet
  2043                          ;	genMove_o size 1 result type 5 source type 1 hl_dead 1
  2044  04f0  dd36f80a          	ld	(ix-8),0x0a
  2045                          ;	genAssign
  2046                          ;	genMove_o size 1 result type 2 source type 1 hl_dead 1
  2047                          ;	genAssign
  2048                          ;	genMove_o size 1 result type 2 source type 1 hl_dead 1
  2049  04f4  010000            	ld	bc,0x0000
  2050                          ; peephole 69 combined constant loads into register pair.
  2051                          ;	genAssign
  2052                          ;	genMove_o size 1 result type 2 source type 1 hl_dead 1
  2053  04f7  1e00              	ld	e,0x00
  2054                          ;	genLabel
  2055                          l_main_00215:
  2056                          ;	genCmpLt
  2057  04f9  7b                	ld	a, e
  2058  04fa  d60a              	sub	a,0x0a
  2059  04fc  3020              	jr	NC,l_main_00183
  2060                          ; peephole 157 changed absolute to relative conditional jump.
  2061                          ;	skipping generated iCode
  2062                          ;	skipping iCode since result will be rematerialized
  2063                          ;	genPlus
  2064  04fe  d5                	push	de
  2065                          ;	genMove_o size 2 result type 2 source type 2 hl_dead 1
  2066                          ;	genMove_o size 1 result type 2 source type 1 hl_dead 1
  2067  04ff  1600              	ld	d,0x00
  2068                          ;	genMove_o size 2 result type 2 source type 7 hl_dead 1
  2069  0501  210800            	ld	hl,8
  2070  0504  39                	add	hl, sp
  2071                          ;	genMove_o size 2 result type 2 source type 2 hl_dead 1
  2072  0505  19                	add	hl, de
  2073  0506  d1                	pop	de
  2074                          ;	genMove_o size 2 result type 2 source type 2 hl_dead 1
  2075                          ;	genPointerGet
  2076  0507  7e                	ld	a, (hl)
  2077                          ;	genAnd
  2078  0508  0f                	rrca
  2079                          ; peephole 61 removed jp by using inverse jump logic
  2080                          ; peephole 149 removed unused label l_main_00697$.
  2081  0509  3801              	jr	C,l_main_00180
  2082                          ; peephole 156 changed absolute to relative conditional jump.
  2083                          ; peephole 60 removed jp by using inverse jump logic
  2084                          ; peephole 149 removed unused label l_main_00698$.
  2085                          ;	skipping generated iCode
  2086                          ;	genPlus
  2087  050b  0c                	inc	c
  2088                          ;	genLabel
  2089                          l_main_00180:
  2090                          ;	skipping iCode since result will be rematerialized
  2091                          ;	genPlus
  2092  050c  d5                	push	de
  2093                          ;	genMove_o size 2 result type 2 source type 2 hl_dead 1
  2094                          ;	genMove_o size 1 result type 2 source type 1 hl_dead 1
  2095  050d  1600              	ld	d,0x00
  2096                          ;	genMove_o size 2 result type 2 source type 7 hl_dead 1
  2097  050f  210800            	ld	hl,8
  2098  0512  39                	add	hl, sp
  2099                          ;	genMove_o size 2 result type 2 source type 2 hl_dead 1
  2100  0513  19                	add	hl, de
  2101  0514  d1                	pop	de
  2102                          ;	genMove_o size 2 result type 2 source type 2 hl_dead 1
  2103                          ;	genPointerGet
  2104  0515  7e                	ld	a, (hl)
  2105                          ;	genCmpGt
  2106  0516  fe06              	cp	a,0x06
  2107  0518  3801              	jr	C,l_main_00216
  2108                          ; peephole 156 changed absolute to relative conditional jump.
  2109                          ;	skipping generated iCode
  2110                          ;	genPlus
  2111  051a  04                	inc	b
  2112                          ;	genLabel
  2113                          l_main_00216:
  2114                          ;	genPlus
  2115  051b  1c                	inc	e
  2116                          ;	genGoto
  2117  051c  18db              	jr	l_main_00215
  2118                          ; peephole 153 changed absolute to relative unconditional jump.
  2119                          ;	genLabel
  2120                          l_main_00183:
  2121                          ;	genCmpEq
  2122  051e  79                	ld	a, c
  2123  051f  d605              	sub	a,0x05
  2124                          ; peephole 62 removed jp by using inverse jump logic
  2125                          ; peephole 149 removed unused label l_main_00699$.
  2126  0521  200c              	jr	NZ,l_main_00185
  2127                          ; peephole 155 changed absolute to relative conditional jump.
  2128                          ; peephole 63 removed jp by using inverse jump logic
  2129                          ; peephole 149 removed unused label l_main_00700$.
  2130                          ;	skipping generated iCode
  2131                          ;	genCmpEq
  2132  0523  78                	ld	a, b
  2133  0524  d605              	sub	a,0x05
  2134                          ; peephole 62 removed jp by using inverse jump logic
  2135                          ; peephole 149 removed unused label l_main_00701$.
  2136  0526  2007              	jr	NZ,l_main_00185
  2137                          ; peephole 155 changed absolute to relative conditional jump.
  2138                          ; peephole 63 removed jp by using inverse jump logic
  2139                          ; peephole 149 removed unused label l_main_00702$.
  2140                          ;	skipping generated iCode
  2141                          ;	genCast
  2142                          ;	AOP_STK for _main_sloc0_1_0
  2143                          ;	genMove_o size 1 result type 2 source type 5 hl_dead 1
  2144                          ;	genMove_o size 0 result type 2 source type 1 hl_dead 1
  2145                          ;	genOr
  2146                          ;	genCast
  2147                          ;	(locations are the same)
  2148                          ;	genCast
  2149                          ;	AOP_STK for _main_sloc0_1_0
  2150                          ;	genMove_o size 1 result type 5 source type 2 hl_dead 1
  2151                          ; peephole 55 set bit 6 of -7 (ix) directly instead of going through a.
  2152  0528  ddcbf9f6          	set	6,(ix-7)
  2153  052c  dd7ef9            	ld	a,(ix-7)
  2154                          ;	genMove_o size 0 result type 5 source type 1 hl_dead 1
  2155                          ;	genLabel
  2156                          l_main_00185:
  2157                          ;	skipping iCode since result will be rematerialized
  2158                          ;	genPointerSet
  2159                          ;	genMove_o size 2 result type 5 source type 1 hl_dead 1
  2160  052f  dd36ef0a          	ld	(ix-17),0x0a
  2161  0533  af                	xor	a, a
  2162  0534  dd77f0            	ld	(ix-16),a
  2163                          ;	skipping iCode since result will be rematerialized
  2164                          ;	genPointerSet
  2165                          ;	genMove_o size 2 result type 5 source type 1 hl_dead 1
  2166  0537  dd36f114          	ld	(ix-15),0x14
  2167  053b  af                	xor	a, a
  2168  053c  dd77f2            	ld	(ix-14),a
  2169                          ;	skipping iCode since result will be rematerialized
  2170                          ;	genPointerSet
  2171                          ;	genMove_o size 2 result type 5 source type 1 hl_dead 1
  2172  053f  dd36f31e          	ld	(ix-13),0x1e
  2173  0543  af                	xor	a, a
  2174  0544  dd77f4            	ld	(ix-12),a
  2175                          ;	skipping iCode since result will be rematerialized
  2176                          ;	genPointerSet
  2177                          ;	genMove_o size 2 result type 5 source type 1 hl_dead 1
  2178  0547  dd36f528          	ld	(ix-11),0x28
  2179  054b  af                	xor	a, a
  2180  054c  dd77f6            	ld	(ix-10),a
  2181                          ;	skipping iCode since result will be rematerialized
  2182                          ;	genPointerSet
  2183                          ;	genMove_o size 2 result type 5 source type 1 hl_dead 1
  2184  054f  dd36f732          	ld	(ix-9),0x32
  2185  0553  af                	xor	a, a
  2186  0554  dd77f8            	ld	(ix-8),a
  2187                          ;	genAssign
  2188                          ;	genMove_o size 2 result type 2 source type 1 hl_dead 1
  2189  0557  010000            	ld	bc,0x0000
  2190                          ;	genAssign
  2191                          ;	genMove_o size 1 result type 2 source type 1 hl_dead 1
  2192  055a  1e00              	ld	e,0x00
  2193                          ;	genLabel
  2194                          l_main_00218:
  2195                          ;	genCmpLt
  2196  055c  7b                	ld	a, e
  2197  055d  d605              	sub	a,0x05
  2198  055f  3017              	jr	NC,l_main_00187
  2199                          ; peephole 157 changed absolute to relative conditional jump.
  2200                          ;	skipping generated iCode
  2201                          ;	skipping iCode since result will be rematerialized
  2202                          ;	genCast
  2203                          ;	genMove_o size 1 result type 2 source type 2 hl_dead 1
  2204  0561  6b                	ld	l, e
  2205                          ;	genMove_o size 0 result type 2 source type 1 hl_dead 0
  2206                          ;	genMove_o size 1 result type 2 source type 1 hl_dead 0
  2207  0562  2600              	ld	h,0x00
  2208                          ;	genLeftShift
  2209  0564  29                	add	hl, hl
  2210                          ;	genMove_o size 2 result type 2 source type 2 hl_dead 1
  2211  0565  54                	ld	d, h
  2212                          ;	genMove_o size 0 result type 2 source type 1 hl_dead 1
  2213                          ;	genPlus
  2214  0566  d5                	push	de
  2215                          ;	genMove_o size 2 result type 2 source type 2 hl_dead 1
  2216  0567  5d                	ld	e, l
  2217                          ;	genMove_o size 0 result type 2 source type 1 hl_dead 1
  2218                          ;	genMove_o size 2 result type 2 source type 7 hl_dead 1
  2219  0568  210800            	ld	hl,8
  2220  056b  39                	add	hl, sp
  2221                          ;	genMove_o size 2 result type 2 source type 2 hl_dead 1
  2222  056c  19                	add	hl, de
  2223  056d  d1                	pop	de
  2224                          ;	genMove_o size 2 result type 2 source type 2 hl_dead 1
  2225                          ;	genPointerGet
  2226                          ;fetchPairLong
  2227  056e  7e                	ld	a, (hl)
  2228  056f  23                	inc	hl
  2229  0570  66                	ld	h, (hl)
  2230  0571  6f                	ld	l, a
  2231                          ;	genPlus
  2232  0572  09                	add	hl, bc
  2233                          ;	genMove_o size 2 result type 2 source type 2 hl_dead 1
  2234                          ;	genMove_o size 0 result type 2 source type 1 hl_dead 1
  2235                          ;	genPlus
  2236  0573  1c                	inc	e
  2237  0574  4d                	ld	c,l
  2238                          ; peephole z88dk-459e3
  2239  0575  44                	ld	b,h
  2240                          ; peephole z88dk-459e1
  2241                          ;	genGoto
  2242  0576  18e4              	jr	l_main_00218
  2243                          ; peephole 153 changed absolute to relative unconditional jump.
  2244                          ;	genLabel
  2245                          l_main_00187:
  2246                          ;	genCast
  2247                          ;	(locations are the same)
  2248                          ;	genCmpEq
  2249  0578  79                	ld	a, c
  2250  0579  d696              	sub	a,0x96
  2251  057b  b0                	or	a, b
  2252                          ; peephole 62 removed jp by using inverse jump logic
  2253                          ; peephole 149 removed unused label l_main_00703$.
  2254  057c  2004              	jr	NZ,l_main_00189
  2255                          ; peephole 155 changed absolute to relative conditional jump.
  2256                          ; peephole 63 removed jp by using inverse jump logic
  2257                          ; peephole 149 removed unused label l_main_00704$.
  2258                          ;	skipping generated iCode
  2259                          ;	genCast
  2260                          ;	AOP_STK for _main_sloc0_1_0
  2261                          ;	genMove_o size 1 result type 2 source type 5 hl_dead 1
  2262                          ;	genMove_o size 0 result type 2 source type 1 hl_dead 1
  2263                          ;	genOr
  2264                          ;	genCast
  2265                          ;	(locations are the same)
  2266                          ;	genCast
  2267                          ;	AOP_STK for _main_sloc0_1_0
  2268                          ;	genMove_o size 1 result type 5 source type 2 hl_dead 1
  2269                          ; peephole 55 set bit 7 of -7 (ix) directly instead of going through a.
  2270  057e  ddcbf9fe          	set	7,(ix-7)
  2271                          ; peephole 8 removed dead load from -7 (ix) into a.
  2272                          ;	genMove_o size 0 result type 5 source type 1 hl_dead 1
  2273                          ;	genLabel
  2274                          l_main_00189:
  2275                          ;	genCast
  2276                          ;	AOP_STK for _main_sloc0_1_0
  2277                          ;	genMove_o size 1 result type 2 source type 5 hl_dead 1
  2278  0582  dd5ef9            	ld	e,(ix-7)
  2279                          ;	genMove_o size 0 result type 2 source type 1 hl_dead 1
  2280                          ;	genMove_o size 1 result type 2 source type 1 hl_dead 1
  2281  0585  1600              	ld	d,0x00
  2282                          ;	genRet
  2283                          ;	genMove_o size 2 result type 2 source type 2 hl_dead 1
  2284                          ;	genLabel
  2285                          ; peephole 149 removed unused label l_main_00220$.
  2286                          ;	genEndFunction
  2287  0587  ddf9              	ld	sp, ix
  2288  0589  dde1              	pop	ix
  2289  058b  c9                	ret
  2290                          ;	Total main function size at codegen: 135 bytes.
  2291                          	SECTION IGNORE
  2292                          
